"resref"	"baseitem"	"cost"	"name"	"model"	"description"	"palette"	"upgradelevel"	"charges"	"stacksize"
"ha_atton"	"CLOTHING"	50	"Atton's Ribbed Jacket"	0	"****"	0	0	0	1
"ha_mira"	"CLOTHING"	50	"Mira's Ballistic Mesh Jacket"	0	"****"	0	0	0	1
"ha_miner"	"CLOTHING"	100	"Miner Uniform"	0	"****"	0	1	0	1
"ha_repub_1"	"ARMOR_1"	500	"Republic Light Combat Suit"	0	"****"	0	1	0	1
"ha_zabrak_1"	"ARMOR_1"	950	"Zabrak Light Combat Suit"	0	"****"	0	0	0	1
"ha_echani_1"	"ARMOR_1"	900	"Echani Light Combat Suit"	0	"****"	0	0	0	1
"ha_massas_1"	"ARMOR_1"	1200	"Massassi Ceremonial Armor"	0	"****"	0	0	0	1
"ha_repub_2"	"ARMOR_2"	1000	"Republic Combat Suit"	0	"****"	0	2	0	1
"ha_zabrak_2"	"ARMOR_2"	1900	"Zabrak Field Suit"	0	"****"	0	0	0	1
"ha_echani_2"	"ARMOR_2"	2000	"Echani Shield Suit"	0	"****"	0	0	0	1
"ha_mand_2"	"ARMOR_2"	1700	"Mandalorian Light Combat Suit"	0	"****"	0	2	0	1
"ha_sith_2"	"ARMOR_2"	1100	"Sith Combat Suit"	0	"****"	0	3	0	1
"ha_power_2"	"ARMOR_2"	2300	"Light Power Armor"	0	"****"	0	0	0	1
"ha_repub_3"	"ARMOR_3"	2000	"Republic Military Suit"	0	"****"	0	3	0	1
"ha_sith_3"	"ARMOR_3"	2400	"Sith Battle Suit"	0	"****"	0	4	0	1
"ha_echani_3"	"ARMOR_3"	3600	"Echani Battle Armor"	0	"****"	0	0	0	1
"ha_zabrak_3"	"ARMOR_3"	3200	"Zabrak Battle Armor"	0	"****"	0	0	0	1
"ha_verpin_3"	"ARMOR_3"	2800	"Verpine Fiber Mesh"	0	"****"	0	3	0	1
"ha_repub_4"	"ARMOR_4"	4000	"Republic Battle Armor"	0	"****"	0	4	0	1
"ha_mand_4"	"ARMOR_4"	6000	"Mandalorian Battle Armor"	0	"****"	0	4	0	1
"ha_echani_4"	"ARMOR_4"	7000	"Echani Heavy Armor"	0	"****"	0	0	0	1
"ha_sith_4"	"ARMOR_4"	5000	"Sith Heavy Armor"	0	"****"	0	5	0	1
"ha_gammor_4"	"ARMOR_4"	6500	"M'uhk'gfa"	0	"****"	0	0	0	1
"ha_power_5"	"ARMOR_5"	8000	"Correlian Powersuit"	0	"****"	0	0	0	1
"ha_mand_5"	"ARMOR_5"	9000	"Mandalorian Assault Armor"	0	"****"	0	5	0	1
"ha_matrix_5"	"ARMOR_5"	12000	"Matrix Armor"	0	"****"	0	0	0	1
"ha_flight"	"FLIGHT_ARMOR"	2500	"Armored Flight Suit"	0	"****"	0	0	0	1
"ha_ubese"	"FLIGHT_ARMOR"	3000	"Ubese Environmental Suit"	0	"****"	0	0	0	1
"da_impact_1"	"DROID_LIGHT_ARMOR_1"	750	"Impact Armor Mk I"	1	"****"	0	0	0	1
"da_impact_2"	"DROID_LIGHT_ARMOR_2"	1500	"Impact Armor Mk II"	2	"****"	0	0	0	1
"da_impact_3"	"DROID_LIGHT_ARMOR_3"	3000	"Impact Armor Mk III"	3	"****"	0	0	0	1
"da_mod_1"	"DROID_MEDIUM_ARMOR_1"	600	"Modular Plating Mk I"	1	"****"	0	0	0	1
"da_mod_2"	"DROID_MEDIUM_ARMOR_2"	1200	"Modular Plating Mk II"	2	"****"	0	0	0	1
"da_mod_3"	"DROID_MEDIUM_ARMOR_3"	2400	"Modular Plating Mk III"	3	"****"	0	0	0	1
"da_dura_1"	"DROID_HEAVY_ARMOR_1"	1000	"Dura Frame Mk I"	1	"****"	0	0	0	1
"da_dura_2"	"DROID_HEAVY_ARMOR_2"	2000	"Dura Frame Mk II"	2	"****"	0	0	0	1
"da_dura_3"	"DROID_HEAVY_ARMOR_3"	4000	"Dura Frame Mk III"	3	"****"	0	0	0	1
"da_energy_1"	"DROID_HEAVY_ARMOR_1"	900	"Energized Armor Mk I"	4	"****"	0	0	0	1
"da_energy_2"	"DROID_HEAVY_ARMOR_2"	1800	"Energized Armor Mk II"	4	"****"	0	0	0	1
"da_energy_3"	"DROID_HEAVY_ARMOR_3"	3600	"Energized Armor Mk III"	4	"****"	0	0	0	1
"da_radian_1"	"DROID_LIGHT_ARMOR_1"	800	"Agrinium Armor"	4	"****"	0	0	0	1
"da_radian_2"	"DROID_MEDIUM_ARMOR_2"	1600	"Quadranium Armor"	4	"****"	0	0	0	1
"da_radian_3"	"DROID_MEDIUM_ARMOR_3"	3200	"Capacitor Armor"	4	"****"	0	0	0	1
"ja_padawa"	"JEDI_ROBE"	400	"Padawan Robe"	0	"****"	0	1	0	1
"ja_jedi"	"JEDI_ROBE"	900	"Jedi Robe"	0	"****"	0	1	0	1
"ja_knight"	"KNIGHT_ROBE"	1400	"Jedi Knight Robe"	0	"****"	0	1	0	1
"ja_dark"	"JEDI_ROBE"	1300	"Dark Jedi Robe"	0	"****"	0	1	0	1
"ja_master"	"KNIGHT_ROBE"	1700	"Jedi Master Robe"	0	"****"	0	1	0	1
"ja_norris"	"JEDI_ROBE"	1500	"Norris Robe"	0	"****"	0	0	0	1
"ja_baran"	"JEDI_ROBE"	1200	"Baran Do Robe"	0	"****"	0	0	0	1
"ja_matuka"	"KNIGHT_ROBE"	1400	"Matukai Robe"	0	"****"	0	0	0	1
"ja_natth"	"KNIGHT_ROBE"	2000	"Natth Cowling"	0	"****"	0	0	0	1
"ja_hand"	"KNIGHT_ROBE"	2400	"Handmaiden's Robe"	0	"****"	0	0	0	1
"ja_jal"	"JEDI_ARMOR"	3000	"Jal Shey Armor"	0	"****"	0	3	0	1
"ja_zeison"	"JEDI_ARMOR"	3500	"Zeison Sha Armor"	0	"****"	0	3	0	1
"wm_short"	"SHORT_SWORD"	50	"Short Sword"	1	"****"	0	2	0	1
"wm_long"	"LONG_SWORD"	100	"Long Sword"	1	"****"	0	2	0	1
"wm_quarter"	"QUARTERSTAFF"	100	"Quarterstaff"	3	"****"	0	1	0	1
"wm_dblade"	"DOUBLE_SWORD"	200	"Double-Edged Sword"	1	"****"	0	2	0	1
"wm_baton"	"STUN_BATON"	100	"Stun Baton"	1	"****"	0	1	0	1
"wm_pike"	"FORCE_PIKE"	250	"Force Pike"	1	"****"	0	1	0	1
"wm_plasma"	"STUN_BATON"	200	"Plasma Torch"	5	"****"	0	0	0	1
"wm_mining"	"VIBROBLADE_WEAK"	100	"Vibrocutter"	2	"****"	0	0	0	1
"g_w_vbroswrd002"	"VIBROSWORD"	0	"Dueling Vibrosword"	1	"****"	0	0	0	1
"wm_czvbbl"	"VIBROBLADE_WEAK"	250	"Czerka Vibroblade"	1	"****"	0	0	0	1
"wm_czvbsw"	"VIBROSWORD_WEAK"	350	"Czerka Vibrosword"	1	"****"	0	0	0	1
"wm_vblade"	"VIBROBLADE"	1000	"Vibroblade"	1	"****"	0	3	0	1
"wm_vsword"	"VIBROBLADE"	1500	"Vibrosword"	1	"****"	0	3	0	1
"wm_vdoubl"	"VIBRODOUBLE"	3000	"Vibro Double-Blade"	1	"****"	0	3	0	1
"wm_echani"	"VIBROSWORD"	2500	"Echani Vibrosword"	2	"****"	0	0	0	1
"wm_exchan"	"STUN_BATON"	400	"Exchange Negotiator"	3	"****"	0	0	0	1
"wm_gammor1"	"GAMMOREAN_AXE"	600	"Gammorean War Axe"	1	"****"	0	0	0	1
"wm_gammor2"	"GAMMOREAN_AXE_STRONG"	2700	"Arg'garok"	2	"****"	0	0	0	1
"wm_gand1"	"FORCE_PIKE_STRONG"	2000	"Gand Shockstaff"	1	"****"	0	0	0	1
"wm_gand2"	"STUN_BATON_STRONG"	1600	"Gand Silencer"	4	"****"	0	0	0	1
"wm_geonos"	"QUARTERSTAFF_STRONG"	3200	"Geonosian Electrostaff"	1	"****"	0	0	0	1
"wm_ludo"	"VIBRODOUBLE_STRONG"	8000	"Ludo Kressh's War Sword"	2	"****"	0	0	0	1
"wm_rodian"	"SHORT_SWORD_STRONG"	2250	"Rodian Blade"	4	"****"	0	0	0	1
"wm_ryyk"	"SHORT_SWORD_STRONG"	2500	"Ryyk Blade"	3	"****"	0	0	0	1
"wm_shyarn"	"LONG_SWORD_STRONG"	2300	"Shyarn"	3	"****"	0	0	0	1
"wm_sith"	"DOUBLE_SWORD_STRONG"	3350	"Sith War Sword"	1	"****"	0	0	0	1
"wm_tehkla"	"VIBROBLADE_STRONG"	2500	"Tehkla Blade"	2	"****"	0	0	0	1
"wm_trando"	"LONG_SWORD_STRONG"	2400	"Trandoshan Sword"	5	"****"	0	0	0	1
"wm_twilek1"	"SHORT_SWORD_STRONG"	1200	"Twilek Spinning Blade"	1	"****"	0	0	0	1
"wm_twilek2"	"SHORT_SWORD_STRONG"	1200	"Twilek Spinning Blade"	3	"****"	0	0	0	1
"wm_wookie1"	"WOOKIE_WARBLADE"	1000	"Wookie Warblade"	1	"****"	0	0	0	1
"wm_wookie2"	"WOOKIE_WARBLADE_STRONG"	4200	"Freyyr's Warblade"	1	"****"	0	0	0	1
"wm_zabrak"	"VIBROBLADE_STRONG"	2200	"Zabrak Vibroblade"	3	"****"	0	0	0	1
"wm_zhabok"	"VIBRODOUBLE_STRONG"	3500	"Zhaboka"	3	"****"	0	0	0	1
"wr_mining"	"MINING_PISTOL"	100	"Mining Laser"	12	"****"	0	0	0	1
"wr_mindsr"	"MINING_DISRUPTOR"	200	"Mining Laser Mk II"	12	"****"	0	0	0	1
"wr_czblrf"	"BLASTER_RIFLE_WEAK"	500	"Czerka Blaster Rifle"	3	"****"	0	3	0	1
"wr_cziorf"	"ION_RIFLE_WEAK"	600	"Czerka Ion Rifle"	2	"****"	0	2	0	1
"wr_czdsrf"	"DISRUPTOR_RIFLE_WEAK"	700	"Czerka Disruptor Rifle"	3	"****"	0	2	0	1
"wr_czsorf"	"SONIC_RIFLE_WEAK"	600	"Czerka Sonic Rifle"	3	"****"	0	1	0	1
"wr_czlirf"	"LIGHT_RIFLE_WEAK"	400	"Czerka Blaster Carbine"	1	"****"	0	3	0	1
"wr_czblrp"	"BLASTER_REPEATER_WEAK"	1100	"Czerka Blaster Cannon"	2	"****"	0	3	0	1
"wr_blast1"	"BLASTER_PISTOL_WEAK"	200	"Blaster Pistol"	1	"****"	0	3	0	1
"wr_hold1"	"LIGHT_PISTOL_WEAK"	100	"Hold Out Blaster"	1	"****"	0	3	0	1
"wr_ion1"	"ION_PISTOL_WEAK"	300	"Ion Blaster Pistol"	1	"****"	0	2	0	1
"wr_disrup1"	"DISRUPTOR_PISTOL_WEAK"	350	"Disruptor Pistol"	1	"****"	0	2	0	1
"wr_sonic1"	"SONIC_PISTOL_WEAK"	300	"Sonic Blaster Pistol"	1	"****"	0	1	0	1
"wr_heavy1"	"HEAVY_PISTOL_WEAK"	400	"Heavy Blaster Pistol"	1	"****"	0	3	0	1
"wr_blast2"	"BLASTER_PISTOL"	500	"Republic Blaster Pistol"	2	"****"	0	3	0	1
"wr_hold2"	"LIGHT_PISTOL"	450	"Watchman Blaster"	2	"****"	0	3	0	1
"wr_ion2"	"ION_PISTOL"	600	"Verpine Ion Pistol"	2	"****"	0	2	0	1
"wr_disrup2"	"DISRUPTOR_PISTOL"	600	"Sith Disruptor Pistol"	4	"****"	0	2	0	1
"wr_sonic2"	"SONIC_PISTOL"	500	"Systech Aural Blaster"	2	"****"	0	1	0	1
"wr_heavy2"	"HEAVY_PISTOL"	800	"Mandalorian Blaster Pistol"	4	"****"	0	3	0	1
"wr_assass2"	"LIGHT_PISTOL"	700	"Sith Assassin Pistol"	3	"****"	0	3	0	1
"wr_elec2"	"BLASTER_PISTOL"	800	"Systech Electric Blaster"	3	"****"	0	2	0	1
"wr_plasma2"	"ION_PISTOL"	800	"Aratech Plasma Pistol"	"?"	"****"	0	2	0	1
"wr_mand2"	"HVYDSR_PISTOL"	1000	"Mandalorian Disruptor Pistol"	5	"****"	0	2	0	1
"wr_sonicd2"	"SONIC_PISTOL"	1000	"Dashade Sonic Disruptor"	6	"****"	0	1	0	1
"wr_zabrak2"	"HEAVY_PISTOL"	1400	"Zabrak Blaster Pistol"	5	"****"	0	0	0	1
"wr_dark"	"DARK_PISTOL"	4000	"Freedon Nadd's Pistol"	"?"	"****"	0	0	0	1
"wr_carbin3"	"LIGHT_RIFLE"	1000	"Blaster Carbine"	1	"****"	0	3	0	1
"wr_exchan3"	"LIGHT_RIFLE"	1100	"Exchange Stun Carbine"	3	"****"	0	1	0	1
"wr_blast3"	"BLASTER_RIFLE"	1500	"Republic Blaster Rifle"	3	"****"	0	3	0	1
"wr_ion3"	"ION_RIFLE"	2100	"Verpine Ion Rifle"	2	"****"	0	2	0	1
"wr_sonic3"	"SONIC_RIFLE"	1850	"Onderon Sonic Rifle"	3	"****"	0	1	0	1
"wr_disrup3"	"DISRUPTOR_RIFLE"	1900	"HK-50 Assassin Rifle"	3	"****"	0	2	0	1
"wr_sonicd3"	"SONIC_RIFLE"	2500	"Systech Sonic Disruption Rifle"	2	"****"	0	1	0	1
"wr_plasma3"	"ION_RIFLE"	2400	"Aratech Plasma Rifle"	3	"****"	0	2	0	1
"wr_sniper3"	"BLASTER_RIFLE"	1800	"Sith Sniper Rifle"	2	"****"	0	3	0	1
"wr_assaul3"	"HEAVY_RIFLE"	2200	"Mandalorian Assault Rifle"	4	"****"	0	3	0	1
"wr_zabrak3"	"HEAVY_RIFLE"	2400	"Zabrak Combat Rifle"	1	"****"	0	0	0	1
"wr_mand3"	"HVYDSR_RIFLE"	2200	"Mandalorian Disruption Rifle"	2	"****"	0	2	0	1
"wr_blast4"	"BLASTER_REPEATER"	3500	"Republic Blaster Cannon"	2	"****"	0	3	0	1
"wr_sonicd4"	"SONIC_REPEATER"	4400	"Onderon Repeating Carbine"	3	"****"	0	1	0	1
"wr_sith4"	"LIGHT_REPEATER"	3500	"Sith Light Repeater"	1	"****"	0	3	0	1
"wr_plasma4"	"ION_REPEATER"	4000	"Heavy Plasma Cannon"	5	"****"	0	2	0	1
"wr_hk4"	"DISRUPTOR_REPEATER"	4000	"HK-50 Heavy Repeater"	4	"****"	0	3	0	1
"wr_mand4"	"HEAVY_REPEATER"	5000	"Mandalorian Heavy Repeater"	2	"****"	0	3	0	1
"wr_zabrak4"	"HVYDSR_REPEATER"	5600	"Zabrak Heavy Repeater"	1	"****"	0	0	0	1
"wr_bow1"	"BOWCASTER"	1800	"Bowcaster"	1	"****"	0	0	0	1
"wr_bow2"	"BOWCASTER"	4000	"Ceremonial Bowcaster"	2	"****"	0	0	0	1
"g_w_lghtsbr01"	"LIGHTSABER"	4000	"Lightsaber"	1	"****"	0	3	0	1
"g_w_lghtsbr02"	"LIGHTSABER"	4000	"Lightsaber"	2	"****"	0	3	0	1
"g_w_lghtsbr03"	"LIGHTSABER"	4000	"Lightsaber"	3	"****"	0	3	0	1
"g_w_lghtsbr04"	"LIGHTSABER"	4000	"Lightsaber"	4	"****"	0	3	0	1
"g_w_lghtsbr05"	"LIGHTSABER"	4000	"Lightsaber"	5	"****"	0	3	0	1
"g_w_lghtsbr07"	"LIGHTSABER"	4000	"Lightsaber"	7	"****"	0	3	0	1
"g_w_lghtsbr08"	"LIGHTSABER"	4000	"Lightsaber"	7	"****"	0	3	0	1
"g_w_lghtsbr09"	"LIGHTSABER"	4000	"Lightsaber"	10	"****"	0	3	0	1
"g_w_lghtsbr10"	"LIGHTSABER"	4000	"Lightsaber"	8	"****"	0	3	0	1
"g_w_lghtsbr11"	"LIGHTSABER"	4000	"Lightsaber"	9	"****"	0	3	0	1
"g_w_shortsbr01"	"SHORT_LIGHTSABER"	4000	"Short Lightsaber"	1	"****"	0	3	0	1
"g_w_shortsbr02"	"SHORT_LIGHTSABER"	4000	"Short Lightsaber"	2	"****"	0	3	0	1
"g_w_shortsbr03"	"SHORT_LIGHTSABER"	4000	"Short Lightsaber"	3	"****"	0	3	0	1
"g_w_shortsbr04"	"SHORT_LIGHTSABER"	4000	"Short Lightsaber"	4	"****"	0	3	0	1
"g_w_shortsbr05"	"SHORT_LIGHTSABER"	4000	"Short Lightsaber"	5	"****"	0	3	0	1
"g_w_shortsbr06"	"SHORT_LIGHTSABER"	4000	"Short Lightsaber"	6	"****"	0	3	0	1
"g_w_shortsbr08"	"SHORT_LIGHTSABER"	4000	"Short Lightsaber"	6	"****"	0	3	0	1
"g_w_shortsbr09"	"SHORT_LIGHTSABER"	4000	"Short Lightsaber"	9	"****"	0	3	0	1
"g_w_shortsbr10"	"SHORT_LIGHTSABER"	4000	"Short Lightsaber"	7	"****"	0	3	0	1
"g_w_shortsbr11"	"SHORT_LIGHTSABER"	4000	"Short Lightsaber"	8	"****"	0	3	0	1
"g_w_dblsbr001"	"DOUBLE_LIGHTSABER"	6000	"Double-Bladed Lightsaber"	1	"****"	0	3	0	1
"g_w_dblsbr002"	"DOUBLE_LIGHTSABER"	6000	"Double-Bladed Lightsaber"	2	"****"	0	3	0	1
"g_w_dblsbr003"	"DOUBLE_LIGHTSABER"	6000	"Double-Bladed Lightsaber"	3	"****"	0	3	0	1
"g_w_dblsbr004"	"DOUBLE_LIGHTSABER"	6000	"Double-Bladed Lightsaber"	4	"****"	0	3	0	1
"g_w_dblsbr005"	"DOUBLE_LIGHTSABER"	6000	"Double-Bladed Lightsaber"	5	"****"	0	3	0	1
"g_w_dblsbr006"	"DOUBLE_LIGHTSABER"	6000	"Double-Bladed Lightsaber"	6	"****"	0	3	0	1
"g_w_dblsbr008"	"DOUBLE_LIGHTSABER"	6000	"Double-Bladed Lightsaber"	6	"****"	0	3	0	1
"g_w_dblsbr009"	"DOUBLE_LIGHTSABER"	6000	"Double-Bladed Lightsaber"	9	"****"	0	3	0	1
"g_w_dblsbr010"	"DOUBLE_LIGHTSABER"	6000	"Double-Bladed Lightsaber"	7	"****"	0	3	0	1
"g_w_dblsbr011"	"DOUBLE_LIGHTSABER"	6000	"Double-Bladed Lightsaber"	8	"****"	0	3	0	1
"hb_steal"	"STEALTH_BELT"	500	"Stealth Field Generator"		"****"	0	0	0	1
"hb_stlrun"	"STEALTH_BELT"	1000	"Stealth Run Generator"		"****"	0	0	0	1
"hb_reflex1"	"BELT"	200	"Adrenaline Amplifier"		"****"	0	0	0	1
"hb_reflex2"	"BELT"	400	"Advanced Adrenaline Amplifier"		"****"	0	0	0	1
"hb_cardio1"	"BELT"	200	"Cardio Regulator"		"****"	0	0	0	1
"hb_cardio2"	"BELT"	400	"Advanced Cario Regulator"		"****"	0	0	0	1
"hb_nerve1"	"BELT"	300	"Nerve Amplifier Belt"		"****"	0	0	0	1
"hb_nerve2"	"BELT"	550	"Advanced Nerve Amplifier Belt"		"****"	0	0	0	1
"ag_frag"	"GRENADE"	40	"Frag Grenade"		"****"	0	0	0	1
"ag_flash"	"GRENADE"	40	"Flash Grenade"		"****"	0	0	0	1
"ag_ion"	"GRENADE"	60	"Ion Grenade"		"****"	0	0	0	1
"ag_sonic"	"GRENADE"	60	"Sonic Grenade"		"****"	0	0	0	1
"ag_cold"	"GRENADE"	100	"CryoBan Grenade"		"****"	0	0	0	1
"ag_plasma"	"GRENADE"	120	"Plasma Grenade"		"****"	0	0	0	1
"ag_therm"	"GRENADE"	900	"Thermal Detonator"		"****"	0	0	0	1
"wl_gren"	"GRENADE_LAUNCHER"	1500	"Grenade Launcher"		"****"	0	0	0	1
"wl_gas"	"GRENADE_LAUNCHER"	1600	"Gas Grenade Launcher"		"****"	0	0	0	1
"wl_sonic"	"GRENADE_LAUNCHER"	1800	"Sonic Detonator Launcher"		"****"	0	0	0	1
"wl_cold"	"GRENADE_LAUNCHER"	2000	"Matter Grenade Launcher"		"****"	0	0	0	1
"wl_plasma"	"GRENADE_LAUNCHER"	2200	"Energy Grenade Launcher"		"****"	0	0	0	1
"wl_rocket"	"ROCKET_LAUNCHER"	3000	"Rocket Launcher"		"****"	0	0	0	1
"wl_buster"	"ROCKET_LAUNCHER"	3200	"Buster Rocket Launcher"		"****"	0	0	0	1
"wl_radian"	"ROCKET_LAUNCHER"	4200	"Plasma Rocket Launcher"		"****"	0	0	0	1
"wl_coldrk"	"ROCKET_LAUNCHER"	3800	"Cold Rocket Launcher"		"****"	0	0	0	1
"wl_fusion"	"ROCKET_LAUNCHER"	5500	"Fusion Rocket Launcher"		"****"	0	0	0	1
"wl_flame"	"AUXILARY_WEAPON"	1000	"Flamethrower"		"****"	0	0	0	1
"wl_carbon"	"AUXILARY_WEAPON"	1200	"Carbonite Projector"		"****"	0	0	0	1
"wl_energy"	"AUXILARY_WEAPON"	1500	"Energy Blaster"		"****"	0	0	0	1
"wl_grappl"	"AUXILARY_WEAPON"	400	"Grapple Cable"		"****"	0	0	0	1
"wl_dart"	"AUXILARY_WEAPON"	500	"Dart Gun"		"****"	0	0	0	1
"wl_mining"	"AUXILARY_WEAPON"	300	"Fuel Burner"		"****"	0	0	0	1
"hh_med1"	"MEDPAC"	8	"Small Medpac"		"****"	0	0	0	1
"hh_med2"	"MEDPAC"	12	"Medpac"		"****"	0	0	0	1
"hh_med3"	"MEDPAC"	24	"Advanced Medpac"		"****"	0	0	0	1
"hh_med4"	"MEDPAC"	36	"Yet More Advanced Medpac"		"****"	0	0	0	1
"hh_anti"	"MEDPAC"	10	"Antidote Pack"		"****"	0	0	0	1
"hh_life1"	"MEDPAC"	40	"Life Support Pack"		"****"	0	0	0	1
"hh_life2"	"MEDPAC"	60	"Advanced Life Support Pack"		"****"	0	0	0	1
"hd_repair1"	"REPAIR_KIT"	0	"Small Repair Kit"		"****"	0	0	0	1
"hd_repair2"	"REPAIR_KIT"	0	"Repair Kit"		"****"	0	0	0	1
"hd_repair3"	"REPAIR_KIT"	0	"Advanced Repair Kit"		"****"	0	0	0	1
"hd_repair4"	"REPAIR_KIT"	0	"Construction Kit"		"****"	0	0	0	1
"hd_quick1"	"REPAIR_KIT"	0	"Quick Fix Kit"		"****"	0	0	0	1
"hd_quick2"	"REPAIR_KIT"	0	"Quicker Fixer Kit"		"****"	0	0	0	1
"al_frag"	"FUEL"	0	"Frag Grenade Ammo"		"****"	0	0	0	1
"al_flash"	"FUEL"	0	"Flash Grenade Ammo"		"****"	0	0	0	1
"al_poison"	"FUEL"	0	"Poison Grenade Ammo"		"****"	0	0	0	1
"al_nerve"	"FUEL"	0	"Nerve Grenade Ammo"		"****"	0	0	0	1
"al_sonic"	"FUEL"	0	"Sonic Detonator Ammo"		"****"	0	0	0	1
"al_sonic2"	"FUEL"	0	"Heavy Sonic Detonator Ammo"		"****"	0	0	0	1
"al_cold"	"FUEL"	0	"CryoBan Grenade Ammo"		"****"	0	0	0	1
"al_adhes"	"FUEL"	0	"Adhesive Grenade Ammo"		"****"	0	0	0	1
"al_plasma"	"FUEL"	0	"Plasma Grenade Ammo"		"****"	0	0	0	1
"al_ion"	"FUEL"	0	"Ion Grenade Ammo"		"****"	0	0	0	1
"ar_explo"	"FUEL"	0	"Explosive Rocket"		"****"	0	0	0	1
"ar_fire"	"FUEL"	0	"Incendiary Rocket"		"****"	0	0	0	1
"ar_buster"	"FUEL"	0	"Buster Rocket"		"****"	0	0	0	1
"ar_buster2"	"FUEL"	0	"Buster Rocket Mk II"		"****"	0	0	0	1
"ar_cold"	"FUEL"	0	"Carbonite Rocket"		"****"	0	0	0	1
"ar_altcold"	"FUEL"	0	"Alt Cold Rocket"		"****"	0	0	0	1
"ar_plasma"	"FUEL"	0	"Plasma Rocket"		"****"	0	0	0	1
"ar_radian"	"FUEL"	0	"Radiation Rocket"		"****"	0	0	0	1
"al_therm"	"FUEL"	0	"Thermal Detonator Ammo"		"****"	0	0	0	1
"ar_fusion"	"FUEL"	0	"Fusion Rocket"		"****"	0	0	0	1
"aa_mining"	"FUEL"	50	"Peragus Mining Fuel"		"****"	0	0	0	1
"aa_flame1"	"FUEL"	0	"Flamethrower Fuel"		"****"	0	0	0	1
"aa_flame2"	"FUEL"	0	"High Octane Flamethrower Fuel"		"****"	0	0	0	1
"aa_flame3"	"FUEL"	0	"Plasma Flamethrower Fuel"		"****"	0	0	0	1
"aa_carbon1"	"FUEL"	0	"Carbonite Fuel"		"****"	0	0	0	1
"aa_carbon2"	"FUEL"	0	"Concentrated Carbonite Fuel"		"****"	0	0	0	1
"aa_ion"	"FUEL"	0	"Ion Fuel Tank"		"****"	0	0	0	1
"aa_plasma"	"FUEL"	0	"Plasma Fuel Tank"		"****"	0	0	0	1
"aa_antima"	"FUEL"	0	"Antimatter Fuel Tank"		"****"	0	0	0	1
"aa_grappl"	"FUEL"	0	"Grappling Hook"		"****"	0	0	0	1
"aa_psndt"	"FUEL"	0	"Poison Dart"		"****"	0	0	0	1
"aa_slpdt"	"FUEL"	0	"Tranquilizer Dart"		"****"	0	0	0	1
"aa_kybdt"	"FUEL"	0	"Kyber Dart"		"****"	0	0	0	1
"aa_pardt"	"FUEL"	0	"Paralysis Dart"		"****"	0	0	0	1
"hs_mining"	"ENERGY_SHIELD_1"	200	"Peragus Mining Shield"	1	"****"	0	0	0	1
"hs_energy"	"ENERGY_SHIELD_1"	700	"Energy Shield"	3	"****"	0	0	0	1
"hs_enviro"	"ENERGY_SHIELD_1"	800	"Environment Shield"	1	"****"	0	0	0	1
"hs_sith"	"ENERGY_SHIELD_2"	1400	"Sith Energy Shield"	2	"****"	0	0	0	1
"hs_mand"	"ENERGY_SHIELD_2"	1600	"Mandalorian Melee Shield"	5	"****"	0	0	0	1
"hs_echani"	"ENERGY_SHIELD_2"	1500	"Echani Energy Shield"	7	"****"	0	0	0	1
"hs_zabrak"	"ENERGY_SHIELD_2"	0	"Bao-Dur's Energy Shield"	9	"****"	0	0	0	1
"ds_energy"	"DROID_SHIELD_1"	400	"Energy Shield"	1	"****"	0	0	0	1
"ds_enviro"	"DROID_SHIELD_1"	450	"Environment Shield"	4	"****"	0	0	0	1
"ds_advanc"	"DROID_SHIELD_2"	700	"Advanced Energy Shield"	5	"****"	0	0	0	1
"ds_radian"	"DROID_SHIELD_2"	750	"Radiant Energy Shield"	4	"****"	0	0	0	1
"ds_univer"	"DROID_SHIELD_2"	900	"Universal Energy Shield"	5	"****"	0	0	0	1
"hs_poison"	"STIM_1"	300	"Adrenal Alacrity"						
"hs_fear"	"STIM_1"	400	"Adrenal Courage"						
"hs_sneak"	"STIM_1"	350	"Adrenal Alertness"						
"hs_stradr"	"STIM_1"	800	"Adrenal Strength"						
"hs_conadr"	"STIM_1"	850	"Adrenal Stamina"						
"hs_dexadr"	"STIM_1"	950	"Adrenal Alacrity"						
"hs_stren"	"STIM_2"	1700	"Strengthening Stimulant"						
"hs_tough"	"STIM_2"	1550	"Toughening Stimulant"						
"hs_conc"	"STIM_2"	1600	"Concentrating Stimulant"						
"hs_battle"	"STIM_2"	3000	"Battle Stimulant"						
"hs_endur"	"STIM_2"	2800	"Endurance Stimulant"						
"hs_agil"	"STIM_2"	3600	"Agility Stimulant"						
"ua_ablat1"	"UPGRADE"	900	"Ablative Plating Mk I"		"****"	0	3	0	1
"ua_ablat2"	"UPGRADE"	1700	"Ablative Plating Mk II"		"****"	0	4	0	1
"ua_ablat3"	"UPGRADE"	3600	"Ablative Plating Mk III"		"****"	0	5	0	1
"ua_ballis1"	"UPGRADE"	550	"Ballistic Shielding Mk I"		"****"	0	2	0	1
"ua_ballis2"	"UPGRADE"	1100	"Ballistic Shielding Mk III"		"****"	0	3	0	1
"ua_ballis3"	"UPGRADE"	2000	"Ballistic Shielding Mk III"		"****"	0	4	0	1
"ua_ballis4"	"UPGRADE"	3200	"Ballistic Shielding Mk IV"		"****"	0	5	0	1
"ua_energy1"	"UPGRADE"	600	"Energy Shielding Mk I"		"****"	0	2	0	1
"ua_energy2"	"UPGRADE"	1200	"Energy Shielding Mk III"		"****"	0	3	0	1
"ua_energy3"	"UPGRADE"	2100	"Energy Shielding Mk III"		"****"	0	4	0	1
"ua_energy4"	"UPGRADE"	3500	"Energy Shielding Mk IV"		"****"	0	5	0	1
"ua_heat1"	"UPGRADE"	400	"Heat Shielding Mk I"		"****"	0	2	0	1
"ua_heat2"	"UPGRADE"	850	"Heat Shielding Mk II"		"****"	0	3	0	1
"ua_heat3"	"UPGRADE"	1900	"Heat Shielding Mk III"		"****"	0	4	0	1
"ua_heat4"	"UPGRADE"	3400	"Heat Shielding Mk IV"		"****"	0	5	0	1
"ua_radian1"	"UPGRADE"	500	"Radiant Shielding Mk I"		"****"	0	2	0	1
"ua_radian2"	"UPGRADE"	1150	"Radiant Shielding Mk II"		"****"	0	3	0	1
"ua_radian3"	"UPGRADE"	2300	"Radiant Shielding Mk III"		"****"	0	4	0	1
"ua_radian4"	"UPGRADE"	3800	"Radiant Shielding Mk IV"		"****"	0	5	0	1
"ua_steal1"	"UPGRADE"	800	"Stealth Coating Mk I"		"****"	0	2	0	1
"ua_steal2"	"UPGRADE"	1550	"Stealth Coating Mk II"		"****"	0	3	0	1
"ua_steal3"	"UPGRADE"	3200	"Stealth Coating Mk III"		"****"	0	4	0	1
"ua_steal4"	"UPGRADE"	5000	"Stealth Coating Mk IV"		"****"	0	5	0	1
"ua_biores1"	"UPGRADE"	2000	"Biorestorative Underlay Mk I"		"****"	0	4	0	1
"ua_biores2"	"UPGRADE"	5000	"Biorestorative Underlay Mk II"		"****"	0	5	0	1
"ua_envir1"	"UPGRADE"	200	"Environmental Underlay Mk I"		"****"	0	1	0	1
"ua_envir2"	"UPGRADE"	450	"Environmental Underlay Mk II"		"****"	0	2	0	1
"ua_mental1"	"UPGRADE"	550	"Nerve-Enhancing Underlay Mk I"		"****"	0	2	0	1
"ua_mental2"	"UPGRADE"	900	"Nerve-Enhancing Underlay Mk III"		"****"	0	3	0	1
"ua_mental3"	"UPGRADE"	1900	"Nerve-Enhancing Underlay Mk III"		"****"	0	4	0	1
"ua_med1"	"UPGRADE"	150	"Medical Underlay Mk I"		"****"	0	1	0	1
"ua_med2"	"UPGRADE"	350	"Medical Underlay Mk III"		"****"	0	2	0	1
"ua_med3"	"UPGRADE"	700	"Medical Underlay Mk III"		"****"	0	3	0	1
"ua_med4"	"UPGRADE"	1200	"Medical Underlay Mk IV"		"****"	0	4	0	1
"ua_flex1"	"UPGRADE"	650	"Flexible Underlay Mk I"		"****"	0	2	0	1
"ua_flex2"	"UPGRADE"	1300	"Flexible Underlay Mk III"		"****"	0	3	0	1
"ua_flex3"	"UPGRADE"	2100	"Flexible Underlay Mk III"		"****"	0	4	0	1
"ua_stren1"	"UPGRADE"	1000	"Strengthening Underlay Mk I"		"****"	0	3	0	1
"ua_stren2"	"UPGRADE"	1800	"Strengthening Underlay Mk II"		"****"	0	4	0	1
"ua_stren3"	"UPGRADE"	4000	"Strengthening Underlay Mk II"		"****"	0	5	0	1
"ua_prot1"	"UPGRADE"	1200	"Protecting Underlay Mk I"		"****"	0	3	0	1
"ua_prot2"	"UPGRADE"	2400	"Protecting Underlay Mk II"		"****"	0	4	0	1
"um_metal1"	"UPGRADE"	200	"Basic Neutronium Edge"		"****"	0	2	0	1
"um_metal2"	"UPGRADE"	400	"Improved Neutronium Edge"		"****"	0	2	0	1
"um_metal3"	"UPGRADE"	800	"Superior Neutronium Edge"		"****"	0	2	0	1
"um_metal4"	"UPGRADE"	1600	"Deadly Neutronium Edge"		"****"	0	2	0	1
"um_metal5"	"UPGRADE"	3200	"Quadranium Edge"		"****"	0	2	0	1
"um_poison1"	"UPGRADE"	300	"Mild Devaronian Edge"		"****"	0	2	0	1
"um_poison2"	"UPGRADE"	750	"Moderate Devaronian Edge"		"****"	0	2	0	1
"um_poison3"	"UPGRADE"	1650	"Severe Devaronian Edge"		"****"	0	2	0	1
"um_para1"	"UPGRADE"	450	"Mild Devaronian Edge"		"****"	0	2	0	1
"um_para2"	"UPGRADE"	1100	"Moderate Devaronian Edge"		"****"	0	2	0	1
"um_para3"	"UPGRADE"	2400	"Severe Devaronian Edge"		"****"	0	2	0	1
"um_crit1"	"UPGRADE"	400	"Basic Mullinine Edge"		"****"	0	2	0	1
"um_crit2"	"UPGRADE"	700	"Improved Mullinine Edge"		"****"	0	2	0	1
"um_crit3"	"UPGRADE"	1200	"Superior Mullinine Edge"		"****"	0	2	0	1
"um_crit4"	"UPGRADE"	2000	"Deadly Mullinine Edge"		"****"	0	2	0	1
"um_ionite1"	"UPGRADE"	400	"Basic Ionite Edge"		"****"	0	2	0	1
"um_ionite2"	"UPGRADE"	950	"Improved Ionite Edge"		"****"	0	2	0	1
"um_ionite3"	"UPGRADE"	2200	"Superior Ionite Edge"		"****"	0	2	0	1
"um_chill1"	"UPGRADE"	1900	"Ostrine Edge"		"****"	0	2	0	1
"um_chill2"	"UPGRADE"	4000	"Superior Ostrine Edge"		"****"	0	2	0	1
"um_burn1"	"UPGRADE"	1600	"Burning Edge"		"****"	0	2	0	1
"um_burn2"	"UPGRADE"	3600	"Superior Burning Edge"		"****"	0	2	0	1
"um_aggro1"	"UPGRADE"	150	"Basic Agrinium Grip"		"****"	0	1	0	1
"um_aggro2"	"UPGRADE"	400	"Improved Agrinium Grip"		"****"	0	1	0	1
"um_aggro3"	"UPGRADE"	1200	"Superior Agrinium Grip"		"****"	0	1	0	1
"um_passiv1"	"UPGRADE"	100	"Basic Contoured Grip"		"****"	0	1	0	1
"um_passiv2"	"UPGRADE"	350	"Improved Contoured Grip"		"****"	0	1	0	1
"um_passiv3"	"UPGRADE"	1000	"Superior Contoured Grip"		"****"	0	1	0	1
"um_defend1"	"UPGRADE"	250	"Basic Basket Hilt"		"****"	0	1	0	1
"um_defend2"	"UPGRADE"	650	"Improved Basket Hilt"		"****"	0	1	0	1
"um_defend3"	"UPGRADE"	1500	"Superior Basket Hilt"		"****"	0	1	0	1
"um_power1"	"UPGRADE"	800	"Basic Zabrak Grip"		"****"	0	1	0	1
"um_power2"	"UPGRADE"	1700	"Improved Zabrak Grip"		"****"	0	1	0	1
"um_balanc1"	"UPGRADE"	500	"Basic Nagai Grip"		"****"	0	1	0	1
"um_balanc2"	"UPGRADE"	800	"Alternate Nagai Grip"		"****"	0	1	0	1
"um_balanc3"	"UPGRADE"	1900	"Superior Nagai Grip"		"****"	0	1	0	1
"um_energy"	"UPGRADE"	600	"Enhanced Energy Cell"		"****"	0	3	0	1
"um_elec"	"UPGRADE"	1400	"Telgorn Jolt Cell"		"****"	0	3	0	1
"um_ion"	"UPGRADE"	1100	"Ion Cell"		"****"	0	3	0	1
"um_plasma"	"UPGRADE"	1700	"Plasma Cell"		"****"	0	3	0	1
"um_vibro"	"UPGRADE"	800	"Vibration Cell"		"****"	0	3	0	1
"um_sonic"	"UPGRADE"	1900	"Sonic Discharge Cell"		"****"	0	3	0	1
"ur_scope1"	"UPGRADE"	1000	"Accuracy Scope Mk I"		"****"	0	1	0	1
"ur_scope2"	"UPGRADE"	2000	"Accuracy Scope Mk II"		"****"	0	1	0	1
"ur_keen"	"UPGRADE"	1800	"Targeting Scope"		"****"	0	1	0	1
"ur_energy1"	"UPGRADE"	300	"Rylith Cell Mk I"		"****"	0	3	0	1
"ur_energy2"	"UPGRADE"	600	"Rylith Cell Mk II"		"****"	0	3	0	1
"ur_energy3"	"UPGRADE"	1200	"Rylith Cell Mk III"		"****"	0	3	0	1
"ur_energy4"	"UPGRADE"	2400	"Rylith Cell Mk IV"		"****"	0	3	0	1
"ur_ion1"	"UPGRADE"	400	"Ion Cell Mk I"		"****"	0	3	0	1
"ur_ion2"	"UPGRADE"	900	"Ion Cell Mk II"		"****"	0	3	0	1
"ur_ion3"	"UPGRADE"	2100	"Ion Cell Mk III"		"****"	0	3	0	1
"ur_crit1"	"UPGRADE"	500	"Power Pulsator Mk I"		"****"	0	3	0	1
"ur_crit2"	"UPGRADE"	950	"Power Pulsator Mk II"		"****"	0	3	0	1
"ur_crit3"	"UPGRADE"	1800	"Power Pulsator Mk III"		"****"	0	3	0	1
"ur_plasma1"	"UPGRADE"	1300	"Plasma Cell Mk I"		"****"	0	3	0	1
"ur_plasma2"	"UPGRADE"	2800	"Plasma Cell Mk II"		"****"	0	3	0	1
"ur_cold1"	"UPGRADE"	1800	"Carbonite Cell Mk I"		"****"	0	3	0	1
"ur_cold2"	"UPGRADE"	2600	"Carbonite Cell Mk II"		"****"	0	3	0	1
"ur_elec1"	"UPGRADE"	800	"Electric Cell Mk I"		"****"	0	3	0	1
"ur_elec2"	"UPGRADE"	1500	"Electric Cell Mk III"		"****"	0	3	0	1
"ur_elec3"	"UPGRADE"	2500	"Electric Cell Mk III"		"****"	0	3	0	1
"ur_wide1"	"UPGRADE"	250	"Broadening Chamber Mk I"		"****"	0	2	0	1
"ur_wide2"	"UPGRADE"	600	"Broadening Chamber Mk II"		"****"	0	2	0	1
"ur_wide3"	"UPGRADE"	1600	"Broadening Chamber Mk III"		"****"	0	2	0	1
"ur_conc1"	"UPGRADE"	300	"Concentrating Chamber Mk I"		"****"	0	2	0	1
"ur_conc2"	"UPGRADE"	700	"Concentrating Chamber Mk II"		"****"	0	2	0	1
"ur_conc3"	"UPGRADE"	1800	"Concentrating Chamber Mk III"		"****"	0	2	0	1
"ur_precis1"	"UPGRADE"	1200	"Precision Chamber Mk I"		"****"	0	2	0	1
"ur_precis2"	"UPGRADE"	2100	"Precision Chamber Mk II"		"****"	0	2	0	1
"ur_ionize1"	"UPGRADE"	400	"Ionizing Chamber Mk I"		"****"	0	2	0	1
"ur_ionize2"	"UPGRADE"	900	"Ionizing Chamber Mk II"		"****"	0	2	0	1
"ur_ionize3"	"UPGRADE"	2000	"Ionizing Chamber Mk III"		"****"	0	2	0	1
"ur_disrup1"	"UPGRADE"	1000	"Mandalorian Chamber Mk I"		"****"	0	2	0	1
"ur_disrup2"	"UPGRADE"	1600	"Mandalorian Chamber Mk II"		"****"	0	2	0	1
"ur_stun1"	"UPGRADE"	600	"Stun Chamber Mk I"		"****"	0	2	0	1
"ur_stun2"	"UPGRADE"	1200	"Stun Chamber Mk II"		"****"	0	2	0	1
"ur_stun3"	"UPGRADE"	2500	"Stun Chamber Mk III"		"****"	0	2	0	1
"ul_wide1"	"UPGRADE"	1100	"Bryothsis Lens"		"****"	0	1	0	1
"ul_wide2"	"UPGRADE"	2400	"Enhanced Bryothsis Lens"		"****"	0	1	0	1
"ul_kunda1"	"UPGRADE"	900	"Kunda Lens"		"****"	0	1	0	1
"ul_kunda2"	"UPGRADE"	2000	"Enhanced Kunda Lens"		"****"	0	1	0	1
"ul_vibro1"	"UPGRADE"	700	"Vibration Lens"		"****"	0	1	0	1
"ul_vibro2"	"UPGRADE"	1600	"Enhanced Vibration Lens"		"****"	0	1	0	1
"ul_sharp"	"UPGRADE"	2800	"Beam Gem Lens"		"****"	0	1	0	1
"ul_deflec1"	"UPGRADE"	800	"Deflection Emitter"		"****"	0	1	0	1
"ul_deflec2"	"UPGRADE"	1700	"Enhanced Deflection Emitter"		"****"	0	1	0	1
"ul_fencin"	"UPGRADE"	1550	"Fencing Emitter"		"****"	0	1	0	1
"ul_disrup1"	"UPGRADE"	1000	"Disruption Emitter"		"****"	0	1	0	1
"ul_disrup2"	"UPGRADE"	2100	"Enhanced Disruption Emitter"		"****"	0	1	0	1
"ul_phob"	"UPGRADE"	2500	"Phobium Emitter"		"****"	0	1	0	1
"ul_energy"	"UPGRADE"	1500	"Energy Cell"		"****"	0	1	0	1
"ul_elec"	"UPGRADE"	2000	"Telgorn Jolt Cell"		"****"	0	1	0	1
"ul_cold"	"UPGRADE"	2300	"Cold Cell"		"****"	0	1	0	1
"ul_fire"	"UPGRADE"	2500	"Fire Cell"		"****"	0	1	0	1
"ul_ion"	"UPGRADE"	1800	"Ion Cell"		"****"	0	1	0	1
"ul_disrup"	"UPGRADE"	1600	"Disrupting Cell"		"****"	0	1	0	1
"ul_rubat"	"UPGRADE"	1000	"Rubat Crystal"		"****"	0	1	0	1
"ul_nextor"	"UPGRADE"	1100	"Nextor Crystal"		"****"	0	1	0	1
"ul_dragit"	"UPGRADE"	1200	"Dragite Crystal"		"****"	0	1	0	1
"ul_firk"	"UPGRADE"	1300	"Firkrann Crystal"		"****"	0	1	0	1
"ul_phond"	"UPGRADE"	1400	"Phond Crystal"		"****"	0	1	0	1
"ul_bondar"	"UPGRADE"	1600	"Bondar Crystal"		"****"	0	1	0	1
"ul_sigil"	"UPGRADE"	1800	"Sigil Crystal"		"****"	0	1	0	1
"ul_jenrau"	"UPGRADE"	2000	"Jenraux Crystal"		"****"	0	1	0	1
"ul_kasha"	"UPGRADE"	2100	"Kasha Crystal"		"****"	0	1	0	1
"ul_styg"	"UPGRADE"	2300	"Stygium Crystal"		"****"	0	1	0	1
"ul_damind"	"UPGRADE"	2500	"Damind Crystal"		"****"	0	1	0	1
"ul_pontit"	"UPGRADE"	2600	"Pontite Crystal"		"****"	0	1	0	1
"ul_upari"	"UPGRADE"	2900	"Upari Crystal"		"****"	0	1	0	1
"ul_ultima"	"UPGRADE"	3200	"Ultima-Pearl"		"****"	0	1	0	1
"ul_solari"	"UPGRADE"	3400	"Solari Crystal"		"****"	0	1	0	1
"ul_qixoni"	"UPGRADE"	3800	"Qixoni Crystal"		"****"	0	1	0	1
"ul_lorrd"	"UPGRADE"	3900	"Lorrdian Gemstone"		"****"	0	1	0	1
"ul_barab"	"UPGRADE"	4000	"Barab Ore Ignot"		"****"	0	1	0	1
"ul_hurrik"	"UPGRADE"	4500	"Hurrikane Crystal"		"****"	0	1	0	1
"ul_ankar"	"UPGRADE"	5000	"Ankarres Sapphire"		"****"	0	1	0	1
