"label"	"index"	"name"	"spelldesc"	"forcepoints"	"goodevil"	"usertype"	"prereq1"	"prereq2"	"masterspell"	"levelreq"	"maxcr"	"category"	"range"	"iconresref"	"impactscript"	"conjtime"	"conjanim"	"conjheadvisual"	"conjhandvisual"	"conjgrndvisual"	"conjsoundvfx"	"conjsoundmale"	"conjsoundfemale"	"castanim"	"casttime"	"castheadvisual"	"casthandvisual"	"castgrndvisual"	"castsound"	"catchtime"	"catchanim"	"proj"	"projmodel"	"projtype"	"projspwnpoint"	"projsound"	"projorientation"	"immunitytype"	"itemimmunity"	"forcehostile"	"forcefriendly"	"forcepassive"	"forcepriority"	"exclusion"	"requireitemmask"	"forbiditemmask"	"pips"	"itemtargeting"	"hostilesetting"	"formask"
"FORCE_SPEED"		"****"	"****"	30	"-"	1	"****"	"****"	"****"	0	3	"0x1808"	"P"	"ip_speedburst"	"bxfp_speed"	170	"hand"	"****"	"****"	"****"	"****"	"****"	"****"	"self"	1330	"****"	"****"	"****"	"v_useforce"	0	"****"	0	"****"	"****"	"****"	"****"	"****"	"****"	0	"****"	2	"****"	0	"0x00"	"0x0000"	"0x003f"	1	"****"	0	"0x00"
"FORCE_VALOR"		"****"	"****"	40	"G"	1	"****"	"****"	"****"	0	3	"0x1808"	"P"	"ip_revital01"	"bxfp_valor"	170	"hand"	"****"	"****"	"****"	"****"	"****"	"****"	"self"	1330	"****"	"v_con_light"	"****"	"v_useforce"	0	"****"	0	"****"	"****"	"****"	"****"	"****"	"****"	0	"****"	3	"****"	0	"0x00"	"0x0000"	"0x003f"	1	"****"	0	"0x00"
"FORCE_FURY"		"****"	"****"	40	"E"	1	"****"	"****"	"****"	0	3	"0x1808"	"P"	"ip_frcscream01"	"bxfp_fury"	170	"hand"	"****"	"****"	"****"	"****"	"****"	"****"	"fury"	1330	"****"	"v_con_dark"	"****"	"v_useforce"	0	"****"	0	"****"	"****"	"****"	"****"	"****"	"****"	0	"****"	4	"****"	0	"0x00"	"0x0000"	"0x003f"	1	"****"	0	"0x00"
"FORCE_SWEEP"		"****"	"****"	30	"-"	1	"****"	"****"	"****"	5	3	"0x1301"	"M"	"ip_??"	"bxfp_sweep"	170	"hand"	"****"	"****"	"****"	"****"	"****"	"****"	"self"	1330	"****"	"****"	"****"	"v_useforce"	0	"****"	0	"****"	"****"	"****"	"****"	"****"	"****"	0	4	"****"	"****"	0	"0x00"	"0x0000"	"0x0000"	1	"****"	1	"0x00"
"FORCE_QUAKE"		"****"	"****"	60	"-"	1	"FORCE_SWEEP"	"****"	"****"	20	6	"0x2302"	"S"	"ip_??"	"bxfp_quake"	170	"up"	"****"	"****"	"****"	"****"	"****"	"****"	"up"	1330	"****"	"****"	"****"	"v_useforce"	0	"****"	0	"****"	"****"	"****"	"****"	"****"	"****"	0	5	"****"	"****"	1	"0x00"	"0x0000"	"0x0000"	2	"****"	1	"0x00"
"FORCE_IONIZE"		"****"	"****"	30	"-"	1	"****"	"****"	"****"	5	3	"0x1301"	"M"	"ip_droiddisable"	"bxfp_ionize"	170	"hand"	"****"	"****"	"****"	"****"	"****"	"****"	"self"	1330	"****"	"****"	"****"	"v_useforce"	0	"****"	0	"****"	"****"	"****"	"****"	"****"	"****"	0	6	"****"	"****"	0	"0x01"	"0x0000"	"0x003f"	1	"****"	1	"0x00"
"ION_STORM"		"****"	"****"	60	"-"	1	"FORCE_IONIZE"	"****"	"****"	20	6	"0x2302"	"S"	"ip_droiddestroy"	"bxfp_ionstorm"	170	"up"	"****"	"****"	"****"	"****"	"****"	"****"	"up"	1330	"****"	"****"	"****"	"v_useforce"	0	"****"	0	"****"	"****"	"****"	"****"	"****"	"****"	0	7	"****"	"****"	1	"0x00"	"0x0000"	"0x003f"	2	"****"	1	"0x00"
"FORCE_SLEEP"		"****"	"****"	30	"G"	1	"****"	"****"	"****"	5	3	"0x1201"	"M"	"ip_sleep"	"bxfp_sleep"	170	"hand"	"****"	"****"	"****"	"****"	"****"	"****"	"self"	1330	"****"	"v_con_light"	"****"	"v_useforce"	0	"****"	0	"****"	"****"	"****"	"****"	"****"	"****"	0	8	"****"	"****"	0	"0x02"	"0x0000"	"0x0000"	1	"****"	1	"0x00"
"SLEEP_WAVE"		"****"	"****"	60	"G"	1	"FORCE_SLEEP"	"****"	"****"	20	6	"0x2201"	"M"	"ip_sleep"	"bxfp_slpwave"	170	"hand"	"****"	"****"	"****"	"****"	"****"	"****"	"self"	1330	"****"	"v_con_light"	"****"	"v_useforce"	0	"****"	0	"****"	"****"	"****"	"****"	"****"	"****"	0	9	"****"	"****"	1	"0x02"	"0x0000"	"0x0000"	2	"****"	1	"0x00"
"FORCE_AFFLICT"		"****"	"****"	30	"E"	1	"****"	"****"	"****"	5	3	"0x1101"	"M"	"ip_affliction"	"bxfp_afflict"	170	"hand"	"****"	"****"	"****"	"****"	"****"	"****"	"dark"	1330	"****"	"v_con_dark"	"****"	"v_useforce"	0	"****"	0	"****"	"****"	"****"	"****"	"****"	"****"	0	10	"****"	"****"	0	"0x02"	"0x0000"	"0x0000"	1	"****"	1	"0x00"
"THROW_LIGHTSABER"		"****"	"****"	30	"-"	1	"****"	"****"	"****"	10	3	"0x1101"	"M"	"ip_lsthrow"	"bxfp_throw"	560	"throw"	"****"	"****"	"****"	"****"	"****"	"****"	"throw"	1940	"****"	"****"	"****"	"v_useforce"	500	"CATCH"	0	"****"	"****"	"****"	"****"	"****"	"****"	0	11	"****"	"****"	0	"0x00"	"0x0040"	"0x0000"	1	"****"	1	"0x00"
"FORCE_LEVITATE"		"****"	"****"	35	"-"	1	"****"	"****"	"****"	10	6	"0x1301"	"M"	"ip_whirlwind"	"bxfp_levitate"	170	"hand"	"****"	"****"	"****"	"****"	"****"	"****"	"self"	1330	"****"	"****"	"****"	"v_useforce"	0	"****"	0	"****"	"****"	"****"	"****"	"****"	"****"	0	12	"****"	"****"	0	"0x00"	"0x0000"	"0x0000"	1	"****"	1	"0x00"
"LEVITATION_FIELD"		"****"	"****"	70	"-"	1	"FORCE_LEVITATE"	"****"	"****"	22	6	"0x2301"	"S"	"ip_whirlwind"	"bxfp_levfield"	170	"up"	"****"	"****"	"****"	"****"	"****"	"****"	"up"	1330	"****"	"****"	"****"	"v_useforce"	0	"****"	0	"****"	"****"	"****"	"****"	"****"	"****"	0	13	"****"	"****"	1	"0x00"	"0x0000"	"0x0000"	2	"****"	1	"0x00"
"FORCE_BODY"		"****"	"****"	50	"G"	1	"****"	"****"	"****"	10	3	"0x1808"	"P"	"ip_forcebody01"	"bxfp_body"	170	"hand"	"****"	"****"	"****"	"****"	"****"	"****"	"self"	1330	"****"	"v_con_light"	"****"	"v_useforce"	0	"****"	0	"****"	"****"	"****"	"****"	"****"	"****"	0	14	5	"****"	0	"0x00"	"0x0000"	"0x003f"	1	"****"	0	"0x00"
"FORCE_ENLIGHTENMENT"		"****"	"****"	90	"G"	1	"FORCE_BODY"	"****"	"****"	22	9	"0x1808"	"P"	"ip_forcebody03"	"bxfp_enlight"	170	"hand"	"****"	"****"	"****"	"****"	"****"	"****"	"self"	1330	"****"	"v_con_light"	"****"	"v_useforce"	0	"****"	0	"****"	"****"	"****"	"****"	"****"	"****"	0	"****"	6	"****"	1	"0x00"	"0x0000"	"0x003f"	2	"****"	0	"0x00"
"FORCE_FEAR"		"****"	"****"	35	"E"	1	"****"	"****"	"****"	10	3	"0x1201"	"M"	"ip_fear"	"bxfp_fear"	170	"hand"	"****"	"****"	"****"	"****"	"****"	"****"	"dark"	1330	"****"	"v_con_dark"	"****"	"v_useforce"	0	"****"	0	"****"	"****"	"****"	"****"	"****"	"****"	0	15	"****"	"****"	0	"0x02"	"0x0000"	"0x0000"	1	"****"	1	"0x00"
"FORCE_HORROR"		"****"	"****"	70	"E"	1	"FORCE_FEAR"	"****"	"****"	22	6	"0x2201"	"M"	"ip_horror"	"bxfp_horror"	170	"hand"	"****"	"****"	"****"	"****"	"****"	"****"	"dark"	1330	"****"	"v_con_dark"	"****"	"v_useforce"	0	"****"	0	"****"	"****"	"****"	"****"	"****"	"****"	0	16	"****"	"****"	1	"0x02"	"0x0000"	"0x0000"	2	"****"	1	"0x00"
"FORCE_PUSH"		"****"	"****"	40	"-"	1	"****"	"****"	"****"	15	6	"0x1301"	"M"	"ip_push"	"bxfp_push"	170	"hand"	"****"	"****"	"****"	"****"	"****"	"****"	"self"	1330	"****"	"v_fpush_cas"	"****"	"v_useforce"	0	"****"	0	"****"	"****"	"****"	"****"	"****"	"****"	0	17	"****"	"****"	0	"0x00"	"0x0000"	"0x0000"	1	"****"	1	"0x00"
"FORCE_WAVE"		"****"	"****"	80	"-"	1	"FORCE_PUSH"	"****"	"****"	25	9	"0x2302"	"S"	"ip_wave"	"bxfp_wave"	170	"up"	"****"	"****"	"****"	"****"	"****"	"****"	"up"	1330	"****"	"v_fpush_cas"	"****"	"v_useforce"	0	"****"	0	"****"	"****"	"****"	"****"	"****"	"****"	0	18	"****"	"****"	1	"0x00"	"0x0000"	"0x0000"	2	"****"	1	"0x00"
"FORCE_BLIND"		"****"	"****"	40	"-"	1	"****"	"****"	"****"	15	6	"0x1101"	"M"	"ip_stun"	"bxfp_blind"	170	"hand"	"****"	"****"	"****"	"****"	"****"	"****"	"self"	1330	"****"	"****"	"****"	"v_useforce"	0	"****"	0	"****"	"****"	"****"	"****"	"****"	"****"	0	19	"****"	"****"	0	"0x02"	"0x0000"	"0x0000"	1	"****"	1	"0x00"
"FORCE_SUPPRESS"		"****"	"****"	40	"G"	1	"****"	"****"	"****"	15	6	"0x1101"	"M"	"ip_surpress"	"bxfp_supp"	170	"hand"	"****"	"****"	"****"	"****"	"****"	"****"	"self"	1330	"****"	"v_con_light"	"****"	"v_useforce"	0	"****"	0	"****"	"****"	"****"	"****"	"****"	"****"	0	20	"****"	"****"	0	"0x02"	"0x0000"	"0x0000"	1	"****"	1	"0x00"
"FORCE_CHOKE"		"****"	"****"	40	"E"	1	"****"	"****"	"****"	15	6	"0x1301"	"M"	"ip_choke"	"bxfp_choke"	170	"hand"	"****"	"****"	"****"	"****"	"****"	"****"	"dark"	1330	"****"	"v_con_dark"	"****"	"v_useforce"	0	"****"	0	"****"	"****"	"****"	"****"	"****"	"****"	0	21	"****"	"****"	0	"0x02"	"0x0000"	"0x0000"	1	"****"	1	"0x00"
"FORCE_CRUSH"		"****"	"****"	80	"E"	1	"FORCE_CHOKE"	"****"	"****"	25	9	"****"	"S"	"ip_forcecrush"	"bxfp_crush"	0	"hand"	"****"	"****"	"****"	"****"	"****"	"****"	"crush"	2000	"****"	"v_con_dark"	"****"	"v_useforce"	0	"****"	0	"****"	"****"	"****"	"****"	"****"	"****"	0	22	"****"	"****"	1	"0x00"	"0x0000"	"0x0000"	2	"****"	1	"0x00"
"FORCE_AGILITY"		"****"	"****"	70	"-"	1	"****"	"****"	"****"	20	6	"0x1808"	"P"	"ip_masterspeed"	"bxfp_agility"	170	"hand"	"****"	"****"	"****"	"****"	"****"	"****"	"self"	1330	"****"	"****"	"****"	"v_useforce"	0	"****"	0	"****"	"****"	"****"	"****"	"****"	"****"	0	"****"	7	"****"	0	"0x00"	"0x0000"	"0x003f"	1	"****"	0	"0x00"
"BATTLE_MEDITATION"		"****"	"****"	90	"-"	1	"****"	"****"	"****"	20	6	"0x1808"	"T"	"ip_battlemed01"	"bxfp_batmed"	170	"hand"	"****"	"****"	"****"	"****"	"****"	"****"	"self"	1330	"****"	"****"	"****"	"v_useforce"	0	"****"	0	"****"	"****"	"****"	"****"	"****"	"****"	0	"****"	8	"****"	0	"0x00"	"0x0000"	"0x003f"	1	"****"	0	"0x00"
"MASTER_MEDITATION"		"****"	"****"	150	"-"	1	"BATTLE_MEDITATION"	"****"	"****"	27	9	"0x1808"	"T"	"ip_battlemed03"	"bxfp_mastmed"	170	"hand"	"****"	"****"	"****"	"****"	"****"	"****"	"self"	1330	"****"	"****"	"****"	"v_useforce"	0	"****"	0	"****"	"****"	"****"	"****"	"****"	"****"	0	"****"	9	"****"	1	"0x00"	"0x0000"	"0x003f"	2	"****"	0	"0x00"
"FORCE_PARALYSIS"		"****"	"****"	45	"G"	1	"****"	"****"	"****"	20	6	"0x1201"	"M"	"ip_hold"	"bxfp_stasis"	170	"hand"	"****"	"****"	"****"	"****"	"****"	"****"	"self"	1330	"****"	"v_con_light"	"****"	"v_useforce"	0	"****"	0	"****"	"****"	"****"	"****"	"****"	"****"	0	23	"****"	"****"	0	"0x02"	"0x0000"	"0x0000"	1	"****"	1	"0x00"
"PARALYSIS_WAVE"		"****"	"****"	90	"G"	1	"FORCE_PARALYSIS"	"****"	"****"	27	9	"0x2201"	"M"	"ip_hold"	"bxfp_stswave"	170	"hand"	"****"	"****"	"****"	"****"	"****"	"****"	"self"	1330	"****"	"v_con_light"	"****"	"v_useforce"	0	"****"	0	"****"	"****"	"****"	"****"	"****"	"****"	0	24	"****"	"****"	1	"0x02"	"0x0000"	"0x0000"	2	"****"	1	"0x00"
"FORCE_DRAIN"		"****"	"****"	45	"E"	1	"****"	"****"	"****"	20	6	"0x1501"	"M"	"ip_drainforce01"	"bxfp_drain"	170	"hand"	"****"	"****"	"****"	"****"	"****"	"****"	"dark"	1330	"****"	"v_con_dark"	"****"	"v_useforce"	0	"****"	0	"****"	"****"	"****"	"****"	"****"	"****"	0	25	"****"	"****"	0	"0x02"	"0x0000"	"0x0000"	1	"****"	1	"0x00"
"DEATH_FIELD"		"****"	"****"	90	"E"	1	"FORCE_DRAIN"	"****"	"****"	27	9	"0x2101"	"S"	"ip_drainforce03"	"bxfp_drnfield"	170	"hand"	"****"	"****"	"****"	"****"	"****"	"****"	"up"	1330	"****"	"v_con_dark"	"****"	"v_useforce"	0	"****"	0	"****"	"****"	"****"	"****"	"****"	"****"	0	26	"****"	"****"	1	"0x02"	"0x0000"	"0x0000"	2	"****"	1	"0x00"
"FORCE_CONFUSION"		"****"	"****"	50	"-"	1	"****"	"****"	"****"	22	9	"0x1201"	"M"	"ip_mindtrick"	"bxfp_confuse"	170	"hand"	"****"	"****"	"****"	"****"	"****"	"****"	"self"	1330	"****"	"****"	"****"	"v_useforce"	0	"****"	0	"****"	"****"	"****"	"****"	"****"	"****"	0	27	"****"	"****"	0	"0x02"	"0x0000"	"0x0000"	1	"****"	1	"0x00"
"MASS_CONFUSION"		"****"	"****"	100	"-"	1	"FORCE_CONFUSION"	"****"	"****"	30	9	"0x2201"	"S"	"ip_confusion"	"bxfp_massconf"	170	"up"	"****"	"****"	"****"	"****"	"****"	"****"	"up"	1330	"****"	"****"	"****"	"v_useforce"	0	"****"	0	"****"	"****"	"****"	"****"	"****"	"****"	0	28	"****"	"****"	1	"0x02"	"0x0000"	"0x0000"	2	"****"	1	"0x00"
"FORCE_LIGHT"		"****"	"****"	50	"G"	1	"****"	"****"	"****"	22	9	"0x1201"	"M"	"ip_frcenlighten"	"bxfp_light"	170	"hand"	"****"	"****"	"****"	"****"	"****"	"****"	"self"	1330	"****"	"v_con_light"	"****"	"v_useforce"	0	"****"	0	"****"	"****"	"****"	"****"	"****"	"****"	0	29	"****"	"****"	0	"0x02"	"0x0000"	"0x003f"	1	"****"	1	"0x00"
"WALL_OF_LIGHT"		"****"	"****"	100	"G"	1	"FORCE_LIGHT"	"****"	"****"	30	9	"0x2201"	"M"	"ip_frcenlighten"	"bxfp_walllght"	170	"hand"	"****"	"****"	"****"	"****"	"****"	"****"	"self"	1330	"****"	"v_con_light"	"****"	"v_useforce"	0	"****"	0	"****"	"****"	"****"	"****"	"****"	"****"	0	30	"****"	"****"	1	"0x02"	"0x0000"	"0x003f"	2	"****"	1	"0x00"
"FORCE_LIGHTNING"		"****"	"****"	50	"E"	1	"****"	"****"	"****"	22	6	"0x8101"	"M"	"ip_lightning"	"bxfp_shock"	170	"hand"	"****"	"****"	"****"	"****"	"****"	"****"	"dark"	1330	"****"	"v_con_dark"	"****"	"v_useforce"	0	"****"	0	"****"	"linked"	"hand"	"****"	"path"	"Electricity"	0	31	"****"	"****"	0	"0x00"	"0x0000"	"0x003f"	1	"****"	1	"0x00"
"FORCE_STORM"		"****"	"****"	100	"E"	1	"FORCE_LIGHTNING"	"****"	"****"	30	9	"0x2111"	"S"	"ip_storm"	"bxfp_storm"	170	"up"	"****"	"****"	"****"	"****"	"****"	"****"	"up"	1330	"****"	"v_con_dark"	"****"	"v_useforce"	0	"****"	0	"****"	"****"	"****"	"****"	"****"	"****"	0	32	"****"	"****"	1	"0x00"	"0x0000"	"0x003f"	2	"****"	1	"0x00"
"FRAG_GRENADE"		"****"	"****"	0	"-"	4	"****"	"****"	"****"	0	3	"****"	"L"	"****"	"bxsp_fraggr"	170	"throw"	"****"	"****"	"****"	"****"	"****"	"****"	"throw"	1330	"****"	"****"	"****"	"****"	0	"****"	1	"w_FragGren_001"	"grenade"	"throw"	"****"	"****"	"****"	0	"****"	"****"	"****"	0	"0x00"	"0x0000"	"0x0000"	1	"****"	1	"0x00"
"STUN_GRENADE"		"****"	"****"	0	"-"	4	"****"	"****"	"****"	0	3	"****"	"L"	"****"	"bxsp_stungr"	170	"throw"	"****"	"****"	"****"	"****"	"****"	"****"	"throw"	1330	"****"	"****"	"****"	"****"	0	"****"	1	"w_StunGren_001"	"grenade"	"throw"	"****"	"****"	"****"	0	"****"	"****"	"****"	0	"0x00"	"0x0000"	"0x0000"	1	"****"	1	"0x00"
"ION_GRENADE"		"****"	"****"	0	"-"	4	"****"	"****"	"****"	0	3	"****"	"L"	"****"	"bxsp_iongr"	170	"throw"	"****"	"****"	"****"	"****"	"****"	"****"	"throw"	1330	"****"	"****"	"****"	"****"	0	"****"	1	"w_IonGren_001"	"grenade"	"throw"	"****"	"****"	"****"	0	"****"	"****"	"****"	0	"0x00"	"0x0000"	"0x0000"	1	"****"	1	"0x00"
"SONIC_GRENADE"		"****"	"****"	0	"-"	4	"****"	"****"	"****"	0	3	"****"	"L"	"****"	"bxsp_sonicgr"	170	"throw"	"****"	"****"	"****"	"****"	"****"	"****"	"throw"	1330	"****"	"****"	"****"	"****"	0	"****"	1	"w_SonicGren_001"	"grenade"	"throw"	"****"	"****"	"****"	0	"****"	"****"	"****"	0	"0x00"	"0x0000"	"0x0000"	1	"****"	1	"0x00"
"PLASMA_GRENADE"		"****"	"****"	0	"-"	4	"****"	"****"	"****"	0	3	"****"	"L"	"****"	"bxsp_plasgr"	170	"throw"	"****"	"****"	"****"	"****"	"****"	"****"	"throw"	1330	"****"	"****"	"****"	"****"	0	"****"	1	"w_FireGren_001"	"grenade"	"throw"	"****"	"****"	"****"	0	"****"	"****"	"****"	0	"0x00"	"0x0000"	"0x0000"	1	"****"	1	"0x00"
"COLD_GRENADE"		"****"	"****"	0	"-"	4	"****"	"****"	"****"	0	3	"****"	"L"	"****"	"bxsp_coldgr"	170	"throw"	"****"	"****"	"****"	"****"	"****"	"****"	"throw"	1330	"****"	"****"	"****"	"****"	0	"****"	1	"w_CryobGren_001"	"grenade"	"throw"	"****"	"****"	"****"	0	"****"	"****"	"****"	0	"0x00"	"0x0000"	"0x0000"	1	"****"	1	"0x00"
"THERMAL_DETONATOR"		"****"	"****"	0	"-"	4	"****"	"****"	"****"	0	6	"****"	"L"	"****"	"bxsp_thmdet"	170	"throw"	"****"	"****"	"****"	"****"	"****"	"****"	"throw"	1330	"****"	"****"	"****"	"****"	0	"****"	1	"w_ThermDet_001"	"grenade"	"throw"	"****"	"****"	"****"	0	"****"	"****"	"****"	0	"0x00"	"0x0000"	"0x0000"	1	"****"	1	"0x00"
"PERAGUS_FUEL"		"****"	"****"	0	"-"	4	"****"	"****"	"****"	0	3	"****"	"L"	"****"	"bxsp_axprfu"	170	"throw"	"****"	"****"	"****"	"****"	"****"	"****"	"throw"	1330	"****"	"****"	"****"	"****"	0	"****"	0	"****"	"****"	"****"	"****"	"****"	"****"	0	"****"	"****"	"****"	0	"0x00"	"0x0000"	"0x0000"	1	"****"	1	"0x00"
"FLAMETHROWER"		"****"	"****"	0	"-"	4	"****"	"****"	"****"	0	3	"****"	"L"	"****"	"bxsp_axflam1"	170	"throw"	"****"	"****"	"****"	"****"	"****"	"****"	"throw"	1330	"****"	"****"	"****"	"****"	0	"****"	0	"****"	"****"	"****"	"****"	"****"	"****"	0	"****"	"****"	"****"	0	"0x00"	"0x0000"	"0x0000"	1	"****"	1	"0x00"
"FLAMETHROWER_2"		"****"	"****"	0	"-"	4	"****"	"****"	"****"	0	6	"****"	"L"	"****"	"bxsp_axflam2"	170	"throw"	"****"	"****"	"****"	"****"	"****"	"****"	"throw"	1330	"****"	"****"	"****"	"****"	0	"****"	0	"****"	"****"	"****"	"****"	"****"	"****"	0	"****"	"****"	"****"	0	"0x00"	"0x0000"	"0x0000"	1	"****"	1	"0x00"
"PLASMA_FLAMETHROWER"		"****"	"****"	0	"-"	4	"****"	"****"	"****"	0	6	"****"	"L"	"****"	"bxsp_axflam3"	170	"throw"	"****"	"****"	"****"	"****"	"****"	"****"	"throw"	1330	"****"	"****"	"****"	"****"	0	"****"	0	"****"	"****"	"****"	"****"	"****"	"****"	0	"****"	"****"	"****"	0	"0x00"	"0x0000"	"0x0000"	1	"****"	1	"0x00"
"FIRE_SUPPRESSION"		"****"	"****"	0	"-"	4	"****"	"****"	"****"	0	3	"****"	"L"	"****"	"bxsp_axfrsp"	170	"throw"	"****"	"****"	"****"	"****"	"****"	"****"	"throw"	1330	"****"	"****"	"****"	"****"	0	"****"	0	"****"	"****"	"****"	"****"	"****"	"****"	0	"****"	"****"	"****"	0	"0x00"	"0x0000"	"0x0000"	1	"****"	1	"0x00"
"CARBONITE"		"****"	"****"	0	"-"	4	"****"	"****"	"****"	0	3	"****"	"L"	"****"	"bxsp_axcarb1"	170	"throw"	"****"	"****"	"****"	"****"	"****"	"****"	"throw"	1330	"****"	"****"	"****"	"****"	0	"****"	0	"****"	"****"	"****"	"****"	"****"	"****"	0	"****"	"****"	"****"	0	"0x00"	"0x0000"	"0x0000"	1	"****"	1	"0x00"
"CARBONITE_2"		"****"	"****"	0	"-"	4	"****"	"****"	"****"	0	6	"****"	"L"	"****"	"bxsp_axcarb2"	170	"throw"	"****"	"****"	"****"	"****"	"****"	"****"	"throw"	1330	"****"	"****"	"****"	"****"	0	"****"	0	"****"	"****"	"****"	"****"	"****"	"****"	0	"****"	"****"	"****"	0	"0x00"	"0x0000"	"0x0000"	1	"****"	1	"0x00"
"POISON_DART"		"****"	"****"	0	"-"	4	"****"	"****"	"****"	0	3	"****"	"L"	"****"	"bxsp_poisdt"	170	"throw"	"****"	"****"	"****"	"****"	"****"	"****"	"throw"	1330	"****"	"****"	"****"	"****"	0	"****"	1	"W_rokdart"	"homing"	"throw"	"****"	"target"	"****"	0	"****"	"****"	"****"	0	"0x00"	"0x0000"	"0x0000"	1	"****"	1	"0x00"
"SLEEP_DART"		"****"	"****"	0	"-"	4	"****"	"****"	"****"	0	3	"****"	"L"	"****"	"bxsp_slpdt"	170	"throw"	"****"	"****"	"****"	"****"	"****"	"****"	"throw"	1330	"****"	"****"	"****"	"****"	0	"****"	1	"W_rokdart"	"homing"	"throw"	"****"	"target"	"****"	0	"****"	"****"	"****"	0	"0x00"	"0x0000"	"0x0000"	1	"****"	1	"0x00"
"PARALYSIS_DART"		"****"	"****"	0	"-"	4	"****"	"****"	"****"	0	3	"****"	"L"	"****"	"bxsp_paradt"	170	"throw"	"****"	"****"	"****"	"****"	"****"	"****"	"throw"	1330	"****"	"****"	"****"	"****"	0	"****"	1	"W_rokdart"	"homing"	"throw"	"****"	"target"	"****"	0	"****"	"****"	"****"	0	"0x00"	"0x0000"	"0x0000"	1	"****"	1	"0x00"
"KYBER_DART"		"****"	"****"	0	"-"	4	"****"	"****"	"****"	0	3	"****"	"L"	"****"	"bxsp_kybdt"	170	"throw"	"****"	"****"	"****"	"****"	"****"	"****"	"throw"	1330	"****"	"****"	"****"	"****"	0	"****"	1	"W_rokdart"	"homing"	"throw"	"****"	"target"	"****"	0	"****"	"****"	"****"	0	"0x00"	"0x0000"	"0x0000"	1	"****"	1	"0x00"
"GRAPPLING_HOOK"		"****"	"****"	0	"-"	4	"****"	"****"	"****"	0	3	"****"	"L"	"****"	"bxsp_grappl"	170	"throw"	"****"	"****"	"****"	"****"	"****"	"****"	"throw"	1330	"****"	"****"	"****"	"****"	0	"****"	1	"W_rokdart"	"homing"	"throw"	"****"	"target"	"****"	0	"****"	"****"	"****"	0	"0x00"	"0x0000"	"0x0000"	1	"****"	1	"0x00"
"ION_BLASTER"		"****"	"****"	0	"-"	4	"****"	"****"	"****"	0	6	"****"	"L"	"****"	"bxsp_axion"	170	"throw"	"****"	"****"	"****"	"****"	"****"	"****"	"throw"	1330	"****"	"****"	"****"	"cb_sh_pwrblast1"	0	"****"	1	"w_lfire_pb_b1"	"homing"	"throw"	"****"	"target"	"****"	0	"****"	"****"	"****"	0	"0x00"	"0x0000"	"0x0000"	1	"****"	1	"0x00"
"PLASMA_BLASTER"		"****"	"****"	0	"-"	4	"****"	"****"	"****"	0	6	"****"	"L"	"****"	"bxsp_axplas"	170	"throw"	"****"	"****"	"****"	"****"	"****"	"****"	"throw"	1330	"****"	"****"	"****"	"cb_sh_pwrblast1"	0	"****"	1	"w_lfire_pb_r1"	"homing"	"throw"	"****"	"target"	"****"	0	"****"	"****"	"****"	0	"0x00"	"0x0000"	"0x0000"	1	"****"	1	"0x00"
"ANTIMATTER_BLASTER"		"****"	"****"	0	"-"	4	"****"	"****"	"****"	0	6	"****"	"L"	"****"	"bxsp_axanti"	170	"throw"	"****"	"****"	"****"	"****"	"****"	"****"	"throw"	1330	"****"	"****"	"****"	"cb_sh_pwrblast1"	0	"****"	1	"w_lfire_pb_w1"	"homing"	"throw"	"****"	"target"	"****"	0	"****"	"****"	"****"	0	"0x00"	"0x0000"	"0x0000"	1	"****"	1	"0x00"
"FRAG_LAUNCHED"		"****"	"****"	0	"-"	4	"****"	"****"	"****"	0	6	"****"	"L"	"****"	"bxsp_fragla"	170	"throw"	"****"	"****"	"****"	"****"	"****"	"****"	"throw"	1330	"****"	"****"	"****"	"****"	0	"****"	1	"w_FragGren_001"	"ballistic"	"throw"	"****"	"****"	"****"	0	"****"	"****"	"****"	0	"0x00"	"0x0000"	"0x0000"	1	"****"	1	"0x00"
"STUN_LAUNCHED"		"****"	"****"	0	"-"	4	"****"	"****"	"****"	0	6	"****"	"L"	"****"	"bxsp_stunla"	170	"throw"	"****"	"****"	"****"	"****"	"****"	"****"	"throw"	1330	"****"	"****"	"****"	"****"	0	"****"	1	"w_StunGren_001"	"ballistic"	"throw"	"****"	"****"	"****"	0	"****"	"****"	"****"	0	"0x00"	"0x0000"	"0x0000"	1	"****"	1	"0x00"
"GAS_LAUNCHED"		"****"	"****"	0	"-"	4	"****"	"****"	"****"	0	6	"****"	"L"	"****"	"bxsp_gasla"	170	"throw"	"****"	"****"	"****"	"****"	"****"	"****"	"throw"	1330	"****"	"****"	"****"	"****"	0	"****"	1	"w_PoisnGren_001"	"ballistic"	"throw"	"****"	"****"	"****"	0	"****"	"****"	"****"	0	"0x00"	"0x0000"	"0x0000"	1	"****"	1	"0x00"
"NERVE_LAUNCHED"		"****"	"****"	0	"-"	4	"****"	"****"	"****"	0	6	"****"	"L"	"****"	"bxsp_nervela"	170	"throw"	"****"	"****"	"****"	"****"	"****"	"****"	"throw"	1330	"****"	"****"	"****"	"****"	0	"****"	1	"w_PoisnGren_001"	"ballistic"	"throw"	"****"	"****"	"****"	0	"****"	"****"	"****"	0	"0x00"	"0x0000"	"0x0000"	1	"****"	1	"0x00"
"SONIC_LAUNCHED"		"****"	"****"	0	"-"	4	"****"	"****"	"****"	0	6	"****"	"L"	"****"	"bxsp_son1la"	170	"throw"	"****"	"****"	"****"	"****"	"****"	"****"	"throw"	1330	"****"	"****"	"****"	"****"	0	"****"	1	"w_SonicGren_001"	"ballistic"	"throw"	"****"	"****"	"****"	0	"****"	"****"	"****"	0	"0x00"	"0x0000"	"0x0000"	1	"****"	1	"0x00"
"SONIC_LAUNCHED_2"		"****"	"****"	0	"-"	4	"****"	"****"	"****"	0	6	"****"	"L"	"****"	"bxsp_son2la"	170	"throw"	"****"	"****"	"****"	"****"	"****"	"****"	"throw"	1330	"****"	"****"	"****"	"****"	0	"****"	1	"w_SonicGren_001"	"ballistic"	"throw"	"****"	"****"	"****"	0	"****"	"****"	"****"	0	"0x00"	"0x0000"	"0x0000"	1	"****"	1	"0x00"
"ION_LAUNCHED"		"****"	"****"	0	"-"	4	"****"	"****"	"****"	0	6	"****"	"L"	"****"	"bxsp_ionla"	170	"throw"	"****"	"****"	"****"	"****"	"****"	"****"	"throw"	1330	"****"	"****"	"****"	"****"	0	"****"	1	"w_IonGren_001"	"ballistic"	"throw"	"****"	"****"	"****"	0	"****"	"****"	"****"	0	"0x00"	"0x0000"	"0x0000"	1	"****"	1	"0x00"
"PLASMA_LAUNCHED"		"****"	"****"	0	"-"	4	"****"	"****"	"****"	0	6	"****"	"L"	"****"	"bxsp_plasla"	170	"throw"	"****"	"****"	"****"	"****"	"****"	"****"	"throw"	1330	"****"	"****"	"****"	"****"	0	"****"	1	"w_FireGren_001"	"ballistic"	"throw"	"****"	"****"	"****"	0	"****"	"****"	"****"	0	"0x00"	"0x0000"	"0x0000"	1	"****"	1	"0x00"
"COLD_LAUNCHED"		"****"	"****"	0	"-"	4	"****"	"****"	"****"	0	6	"****"	"L"	"****"	"bxsp_coldla"	170	"throw"	"****"	"****"	"****"	"****"	"****"	"****"	"throw"	1330	"****"	"****"	"****"	"****"	0	"****"	1	"w_CryobGren_001"	"ballistic"	"throw"	"****"	"****"	"****"	0	"****"	"****"	"****"	0	"0x00"	"0x0000"	"0x0000"	1	"****"	1	"0x00"
"ADHESIVE_LAUNCHED"		"****"	"****"	0	"-"	4	"****"	"****"	"****"	0	6	"****"	"L"	"****"	"bxsp_adhsla"	170	"throw"	"****"	"****"	"****"	"****"	"****"	"****"	"throw"	1330	"****"	"****"	"****"	"****"	0	"****"	1	"w_AdhesGren_001"	"ballistic"	"throw"	"****"	"****"	"****"	0	"****"	"****"	"****"	0	"0x00"	"0x0000"	"0x0000"	1	"****"	1	"0x00"
"THERMAL_LAUNCHED"		"****"	"****"	0	"-"	4	"****"	"****"	"****"	0	9	"****"	"L"	"****"	"bxsp_thmla"	170	"throw"	"****"	"****"	"****"	"****"	"****"	"****"	"throw"	1330	"****"	"****"	"****"	"****"	0	"****"	1	"w_ThermDet_001"	"ballistic"	"throw"	"****"	"****"	"****"	0	"****"	"****"	"****"	0	"0x00"	"0x0000"	"0x0000"	1	"****"	1	"0x00"
"EXPLOSIVE_ROCKET"		"****"	"****"	0	"-"	4	"****"	"****"	"****"	0	9	"****"	"L"	"****"	"bxsp_explrk"	170	"throw"	"****"	"****"	"****"	"****"	"****"	"****"	"throw"	1330	"****"	"****"	"****"	"****"	0	"****"	1	"W_rokplasma"	"homing"	"throw"	"****"	"target"	"****"	0	"****"	"****"	"****"	0	"0x00"	"0x0000"	"0x0000"	1	"****"	1	"0x00"
"INDENDIARY_ROCKET"		"****"	"****"	0	"-"	4	"****"	"****"	"****"	0	9	"****"	"L"	"****"	"bxsp_incdrk"	170	"throw"	"****"	"****"	"****"	"****"	"****"	"****"	"throw"	1330	"****"	"****"	"****"	"****"	0	"****"	1	"W_rokplasma"	"homing"	"throw"	"****"	"target"	"****"	0	"****"	"****"	"****"	0	"0x00"	"0x0000"	"0x0000"	1	"****"	1	"0x00"
"BUSTER_ROCKET"		"****"	"****"	0	"-"	4	"****"	"****"	"****"	0	9	"****"	"L"	"****"	"bxsp_bustrk1"	170	"throw"	"****"	"****"	"****"	"****"	"****"	"****"	"throw"	1330	"****"	"****"	"****"	"****"	0	"****"	1	"W_rokpierce"	"homing"	"throw"	"****"	"target"	"****"	0	"****"	"****"	"****"	0	"0x00"	"0x0000"	"0x0000"	1	"****"	1	"0x00"
"BUSTER_ROCKET_2"		"****"	"****"	0	"-"	4	"****"	"****"	"****"	0	9	"****"	"L"	"****"	"bxsp_bustrk2"	170	"throw"	"****"	"****"	"****"	"****"	"****"	"****"	"throw"	1330	"****"	"****"	"****"	"****"	0	"****"	1	"W_rokpierce"	"homing"	"throw"	"****"	"target"	"****"	0	"****"	"****"	"****"	0	"0x00"	"0x0000"	"0x0000"	1	"****"	1	"0x00"
"COLD_ROCKET"		"****"	"****"	0	"-"	4	"****"	"****"	"****"	0	9	"****"	"L"	"****"	"bxsp_coldrk"	170	"throw"	"****"	"****"	"****"	"****"	"****"	"****"	"throw"	1330	"****"	"****"	"****"	"****"	0	"****"	1	"W_rokconc"	"homing"	"throw"	"****"	"target"	"****"	0	"****"	"****"	"****"	0	"0x00"	"0x0000"	"0x0000"	1	"****"	1	"0x00"
"ALT_COLD_ROCKET"		"****"	"****"	0	"-"	4	"****"	"****"	"****"	0	9	"****"	"L"	"****"	"bxsp_altrk"	170	"throw"	"****"	"****"	"****"	"****"	"****"	"****"	"throw"	1330	"****"	"****"	"****"	"****"	0	"****"	1	"W_rokconc"	"homing"	"throw"	"****"	"target"	"****"	0	"****"	"****"	"****"	0	"0x00"	"0x0000"	"0x0000"	1	"****"	1	"0x00"
"PLASMA_ROCKET"		"****"	"****"	0	"-"	4	"****"	"****"	"****"	0	9	"****"	"L"	"****"	"bxsp_plasrk"	170	"throw"	"****"	"****"	"****"	"****"	"****"	"****"	"throw"	1330	"****"	"****"	"****"	"****"	0	"****"	1	"W_rokion"	"homing"	"throw"	"****"	"target"	"****"	0	"****"	"****"	"****"	0	"0x00"	"0x0000"	"0x0000"	1	"****"	1	"0x00"
"RADIATION_ROCKET"		"****"	"****"	0	"-"	4	"****"	"****"	"****"	0	9	"****"	"L"	"****"	"bxsp_radrk"	170	"throw"	"****"	"****"	"****"	"****"	"****"	"****"	"throw"	1330	"****"	"****"	"****"	"****"	0	"****"	1	"W_rokpoisn"	"homing"	"throw"	"****"	"target"	"****"	0	"****"	"****"	"****"	0	"0x00"	"0x0000"	"0x0000"	1	"****"	1	"0x00"
"FUSION_ROCKET"		"****"	"****"	0	"-"	4	"****"	"****"	"****"	0	9	"****"	"L"	"****"	"bxsp_fusrk"	170	"throw"	"****"	"****"	"****"	"****"	"****"	"****"	"throw"	1330	"****"	"****"	"****"	"****"	0	"****"	1	"W_rokion"	"homing"	"throw"	"****"	"target"	"****"	0	"****"	"****"	"****"	0	"0x00"	"0x0000"	"0x0000"	1	"****"	1	"0x00"
"PERAGUS_SHIELD"		"****"	"****"	0	"-"	4	"****"	"****"	"****"	0	3	"0x1808"	"T"	"****"	"bxsh_peragus"	170	"hand"	"****"	"****"	"****"	"****"	"****"	"****"	"self"	1330	"****"	"****"	"****"	"****"	0	"****"	0	"****"	"****"	"****"	"****"	"****"	"****"	0	"****"	"****"	"****"	0	"0x00"	"0x0000"	"0x0000"	1	"****"	0	"0x00"
"ENERGY_SHIELD"		"****"	"****"	0	"-"	4	"****"	"****"	"****"	0	3	"0x1808"	"T"	"****"	"bxsh_energy"	170	"hand"	"****"	"****"	"****"	"****"	"****"	"****"	"self"	1330	"****"	"****"	"****"	"****"	0	"****"	0	"****"	"****"	"****"	"****"	"****"	"****"	0	"****"	"****"	"****"	0	"0x00"	"0x0000"	"0x0000"	1	"****"	0	"0x00"
"ENVIRONMENT_SHIELD"		"****"	"****"	0	"-"	4	"****"	"****"	"****"	0	3	"0x1808"	"T"	"****"	"bxsh_enviro"	170	"hand"	"****"	"****"	"****"	"****"	"****"	"****"	"self"	1330	"****"	"****"	"****"	"****"	0	"****"	0	"****"	"****"	"****"	"****"	"****"	"****"	0	"****"	"****"	"****"	0	"0x00"	"0x0000"	"0x0000"	1	"****"	0	"0x00"
"SITH_SHIELD"		"****"	"****"	0	"-"	4	"****"	"****"	"****"	0	6	"0x1808"	"T"	"****"	"bxsh_sith"	170	"hand"	"****"	"****"	"****"	"****"	"****"	"****"	"self"	1330	"****"	"****"	"****"	"****"	0	"****"	0	"****"	"****"	"****"	"****"	"****"	"****"	0	"****"	"****"	"****"	0	"0x00"	"0x0000"	"0x0000"	1	"****"	0	"0x00"
"MANDALORIAN_SHIELD"		"****"	"****"	0	"-"	4	"****"	"****"	"****"	0	6	"0x1808"	"T"	"****"	"bxsh_mand"	170	"hand"	"****"	"****"	"****"	"****"	"****"	"****"	"self"	1330	"****"	"****"	"****"	"****"	0	"****"	0	"****"	"****"	"****"	"****"	"****"	"****"	0	"****"	"****"	"****"	0	"0x00"	"0x0000"	"0x0000"	1	"****"	0	"0x00"
"ECHANI_SHIELD"		"****"	"****"	0	"-"	4	"****"	"****"	"****"	0	6	"0x1808"	"T"	"****"	"bxsh_echani"	170	"hand"	"****"	"****"	"****"	"****"	"****"	"****"	"self"	1330	"****"	"****"	"****"	"****"	0	"****"	0	"****"	"****"	"****"	"****"	"****"	"****"	0	"****"	"****"	"****"	0	"0x00"	"0x0000"	"0x0000"	1	"****"	0	"0x00"
"BAODUR_SHIELD"		"****"	"****"	0	"-"	4	"****"	"****"	"****"	0	6	"0x1808"	"T"	"****"	"bxsh_baodur"	170	"hand"	"****"	"****"	"****"	"****"	"****"	"****"	"self"	1330	"****"	"****"	"****"	"****"	0	"****"	0	"****"	"****"	"****"	"****"	"****"	"****"	0	"****"	"****"	"****"	0	"0x00"	"0x0000"	"0x0000"	1	"****"	0	"0x00"
"DROID_ENERGY_SHIELD"		"****"	"****"	0	"-"	4	"****"	"****"	"****"	0	3	"0x1808"	"T"	"****"	"bxsh_droid"	170	"hand"	"****"	"****"	"****"	"****"	"****"	"****"	"self"	1330	"****"	"****"	"****"	"****"	0	"****"	0	"****"	"****"	"****"	"****"	"****"	"****"	0	"****"	"****"	"****"	0	"0x00"	"0x0000"	"0x0000"	1	"****"	0	"0x00"
"DROID_ENVIRONMENT_SHIELD"		"****"	"****"	0	"-"	4	"****"	"****"	"****"	0	3	"0x1808"	"T"	"****"	"bxsh_denvir"	170	"hand"	"****"	"****"	"****"	"****"	"****"	"****"	"self"	1330	"****"	"****"	"****"	"****"	0	"****"	0	"****"	"****"	"****"	"****"	"****"	"****"	0	"****"	"****"	"****"	0	"0x00"	"0x0000"	"0x0000"	1	"****"	0	"0x00"
"ADVANCED_SHIELD"		"****"	"****"	0	"-"	4	"****"	"****"	"****"	0	6	"0x1808"	"T"	"****"	"bxsh_advanc"	170	"hand"	"****"	"****"	"****"	"****"	"****"	"****"	"self"	1330	"****"	"****"	"****"	"****"	0	"****"	0	"****"	"****"	"****"	"****"	"****"	"****"	0	"****"	"****"	"****"	0	"0x00"	"0x0000"	"0x0000"	1	"****"	0	"0x00"
"RADIANT_SHIELD"		"****"	"****"	0	"-"	4	"****"	"****"	"****"	0	6	"0x1808"	"T"	"****"	"bxsh_radian"	170	"hand"	"****"	"****"	"****"	"****"	"****"	"****"	"self"	1330	"****"	"****"	"****"	"****"	0	"****"	0	"****"	"****"	"****"	"****"	"****"	"****"	0	"****"	"****"	"****"	0	"0x00"	"0x0000"	"0x0000"	1	"****"	0	"0x00"
"UNIVERSAL_SHIELD"		"****"	"****"	0	"-"	4	"****"	"****"	"****"	0	6	"0x1808"	"T"	"****"	"bxsh_univer"	170	"hand"	"****"	"****"	"****"	"****"	"****"	"****"	"self"	1330	"****"	"****"	"****"	"****"	0	"****"	0	"****"	"****"	"****"	"****"	"****"	"****"	0	"****"	"****"	"****"	0	"0x00"	"0x0000"	"0x0000"	1	"****"	0	"0x00"
"POISON_STIM"		"****"	"****"	0	"-"	4	"****"	"****"	"****"	0	3	"0x1808"	"T"	"****"	"bxst_poison"	170	"hand"	"****"	"****"	"****"	"****"	"****"	"****"	"self"	1330	"****"	"****"	"****"	"gui_inject"	0	"****"	0	"****"	"****"	"****"	"****"	"****"	"****"	0	"****"	"****"	"****"	0	"0x00"	"0x0000"	"0x0000"	1	"****"	0	"0x00"
"FEAR_STIM"		"****"	"****"	0	"-"	4	"****"	"****"	"****"	0	3	"0x1808"	"T"	"****"	"bxst_fear"	170	"hand"	"****"	"****"	"****"	"****"	"****"	"****"	"self"	1330	"****"	"****"	"****"	"gui_inject"	0	"****"	0	"****"	"****"	"****"	"****"	"****"	"****"	0	"****"	"****"	"****"	0	"0x00"	"0x0000"	"0x0000"	1	"****"	0	"0x00"
"SNEAK_STIM"		"****"	"****"	0	"-"	4	"****"	"****"	"****"	0	3	"0x1808"	"T"	"****"	"bxst_sneak"	170	"hand"	"****"	"****"	"****"	"****"	"****"	"****"	"self"	1330	"****"	"****"	"****"	"gui_inject"	0	"****"	0	"****"	"****"	"****"	"****"	"****"	"****"	0	"****"	"****"	"****"	0	"0x00"	"0x0000"	"0x0000"	1	"****"	0	"0x00"
"STRENGH_ADREN"		"****"	"****"	0	"-"	4	"****"	"****"	"****"	0	3	"0x1808"	"T"	"****"	"bxst_astr"	170	"hand"	"****"	"****"	"****"	"****"	"****"	"****"	"self"	1330	"****"	"****"	"****"	"gui_inject"	0	"****"	0	"****"	"****"	"****"	"****"	"****"	"****"	0	"****"	"****"	"****"	0	"0x00"	"0x0000"	"0x0000"	1	"****"	0	"0x00"
"CONSTITUTION_ADREN"		"****"	"****"	0	"-"	4	"****"	"****"	"****"	0	3	"0x1808"	"T"	"****"	"bxst_acon"	170	"hand"	"****"	"****"	"****"	"****"	"****"	"****"	"self"	1330	"****"	"****"	"****"	"gui_inject"	0	"****"	0	"****"	"****"	"****"	"****"	"****"	"****"	0	"****"	"****"	"****"	0	"0x00"	"0x0000"	"0x0000"	1	"****"	0	"0x00"
"DEXTERITY_ADREN"		"****"	"****"	0	"-"	4	"****"	"****"	"****"	0	3	"0x1808"	"T"	"****"	"bxst_adex"	170	"hand"	"****"	"****"	"****"	"****"	"****"	"****"	"self"	1330	"****"	"****"	"****"	"gui_inject"	0	"****"	0	"****"	"****"	"****"	"****"	"****"	"****"	0	"****"	"****"	"****"	0	"0x00"	"0x0000"	"0x0000"	1	"****"	0	"0x00"
"STRENGTH_STIM"		"****"	"****"	0	"-"	4	"****"	"****"	"****"	0	6	"0x1808"	"T"	"****"	"bxst_stren"	170	"hand"	"****"	"****"	"****"	"****"	"****"	"****"	"self"	1330	"****"	"****"	"****"	"gui_inject"	0	"****"	0	"****"	"****"	"****"	"****"	"****"	"****"	0	"****"	"****"	"****"	0	"0x00"	"0x0000"	"0x0000"	1	"****"	0	"0x00"
"TOUGHNESS_STIM"		"****"	"****"	0	"-"	4	"****"	"****"	"****"	0	6	"0x1808"	"T"	"****"	"bxst_tough"	170	"hand"	"****"	"****"	"****"	"****"	"****"	"****"	"self"	1330	"****"	"****"	"****"	"gui_inject"	0	"****"	0	"****"	"****"	"****"	"****"	"****"	"****"	0	"****"	"****"	"****"	0	"0x00"	"0x0000"	"0x0000"	1	"****"	0	"0x00"
"CONCENTRATION_STIM"		"****"	"****"	0	"-"	4	"****"	"****"	"****"	0	6	"0x1808"	"T"	"****"	"bxst_conc"	170	"hand"	"****"	"****"	"****"	"****"	"****"	"****"	"self"	1330	"****"	"****"	"****"	"gui_inject"	0	"****"	0	"****"	"****"	"****"	"****"	"****"	"****"	0	"****"	"****"	"****"	0	"0x00"	"0x0000"	"0x0000"	1	"****"	0	"0x00"
"BATTLE_STIM"		"****"	"****"	0	"-"	4	"****"	"****"	"****"	0	6	"0x1808"	"T"	"****"	"bxst_battle"	170	"hand"	"****"	"****"	"****"	"****"	"****"	"****"	"self"	1330	"****"	"****"	"****"	"gui_inject"	0	"****"	0	"****"	"****"	"****"	"****"	"****"	"****"	0	"****"	"****"	"****"	0	"0x00"	"0x0000"	"0x0000"	1	"****"	0	"0x00"
"ENDURANCE_STIM"		"****"	"****"	0	"-"	4	"****"	"****"	"****"	0	6	"0x1808"	"T"	"****"	"bxst_endur"	170	"hand"	"****"	"****"	"****"	"****"	"****"	"****"	"self"	1330	"****"	"****"	"****"	"gui_inject"	0	"****"	0	"****"	"****"	"****"	"****"	"****"	"****"	0	"****"	"****"	"****"	0	"0x00"	"0x0000"	"0x0000"	1	"****"	0	"0x00"
"AGILITY_STIM"		"****"	"****"	0	"-"	4	"****"	"****"	"****"	0	6	"0x1808"	"T"	"****"	"bxst_agil"	170	"hand"	"****"	"****"	"****"	"****"	"****"	"****"	"self"	1330	"****"	"****"	"****"	"gui_inject"	0	"****"	0	"****"	"****"	"****"	"****"	"****"	"****"	0	"****"	"****"	"****"	0	"0x00"	"0x0000"	"0x0000"	1	"****"	0	"0x00"
"MEDPAC_1"		"****"	"****"	0	"-"	4	"****"	"****"	"****"	0	3	"0x1408"	"T"	"****"	"bxsp_medpac1"	170	"hand"	"****"	"****"	"****"	"****"	"****"	"****"	"self"	1330	"****"	"****"	"****"	"gui_inject"	0	"****"	0	"****"	"****"	"****"	"****"	"****"	"****"	0	"****"	"****"	"****"	0	"0x02"	"0x0000"	"0x0000"	1	"****"	0	"0x00"
"MEDPAC_2"		"****"	"****"	0	"-"	4	"****"	"****"	"****"	0	3	"0x1408"	"T"	"****"	"bxsp_medpac2"	170	"hand"	"****"	"****"	"****"	"****"	"****"	"****"	"self"	1330	"****"	"****"	"****"	"gui_inject"	0	"****"	0	"****"	"****"	"****"	"****"	"****"	"****"	0	"****"	"****"	"****"	0	"0x02"	"0x0000"	"0x0000"	1	"****"	0	"0x00"
"MEDPAC_3"		"****"	"****"	0	"-"	4	"****"	"****"	"****"	0	6	"0x1408"	"T"	"****"	"bxsp_medpac3"	170	"hand"	"****"	"****"	"****"	"****"	"****"	"****"	"self"	1330	"****"	"****"	"****"	"gui_inject"	0	"****"	0	"****"	"****"	"****"	"****"	"****"	"****"	0	"****"	"****"	"****"	0	"0x02"	"0x0000"	"0x0000"	1	"****"	0	"0x00"
"MEDPAC_4"		"****"	"****"	0	"-"	4	"****"	"****"	"****"	0	6	"0x1408"	"T"	"****"	"bxsp_medpac4"	170	"hand"	"****"	"****"	"****"	"****"	"****"	"****"	"self"	1330	"****"	"****"	"****"	"gui_inject"	0	"****"	0	"****"	"****"	"****"	"****"	"****"	"****"	0	"****"	"****"	"****"	0	"0x02"	"0x0000"	"0x0000"	1	"****"	0	"0x00"
"ANTIDOTE_PACK"		"****"	"****"	0	"-"	4	"****"	"****"	"****"	0	3	"0x1408"	"T"	"****"	"bxsp_antido"	170	"hand"	"****"	"****"	"****"	"****"	"****"	"****"	"self"	1330	"****"	"****"	"****"	"gui_inject"	0	"****"	0	"****"	"****"	"****"	"****"	"****"	"****"	0	"****"	"****"	"****"	0	"0x02"	"0x0000"	"0x0000"	1	"****"	0	"0x00"
"LIFE_SUPPORT_PACK_1"		"****"	"****"	0	"-"	4	"****"	"****"	"****"	0	3	"0x1408"	"T"	"****"	"bxsp_lifesp1"	170	"hand"	"****"	"****"	"****"	"****"	"****"	"****"	"self"	1330	"****"	"****"	"****"	"gui_inject"	0	"****"	0	"****"	"****"	"****"	"****"	"****"	"****"	0	"****"	"****"	"****"	0	"0x02"	"0x0000"	"0x0000"	1	"****"	0	"0x00"
"LIFE_SUPPORT_PACK_2"		"****"	"****"	0	"-"	4	"****"	"****"	"****"	0	6	"0x1408"	"T"	"****"	"bxsp_lifesp1"	170	"hand"	"****"	"****"	"****"	"****"	"****"	"****"	"self"	1330	"****"	"****"	"****"	"gui_inject"	0	"****"	0	"****"	"****"	"****"	"****"	"****"	"****"	0	"****"	"****"	"****"	0	"0x02"	"0x0000"	"0x0000"	1	"****"	0	"0x00"
"REPAIR_KIT_1"		"****"	"****"	0	"-"	4	"****"	"****"	"****"	0	3	"0x1408"	"T"	"****"	"bshs_repair1"	170	"hand"	"****"	"****"	"****"	"****"	"****"	"****"	"self"	1330	"****"	"****"	"****"	"gui_upgrade"	0	"****"	0	"****"	"****"	"****"	"****"	"****"	"****"	0	"****"	"****"	"****"	0	"0x01"	"0x0000"	"0x0000"	1	"****"	0	"0x00"
"REPAIR_KIT_2"		"****"	"****"	0	"-"	4	"****"	"****"	"****"	0	3	"0x1408"	"T"	"****"	"bshs_repair2"	170	"hand"	"****"	"****"	"****"	"****"	"****"	"****"	"self"	1330	"****"	"****"	"****"	"gui_upgrade"	0	"****"	0	"****"	"****"	"****"	"****"	"****"	"****"	0	"****"	"****"	"****"	0	"0x01"	"0x0000"	"0x0000"	1	"****"	0	"0x00"
"REPAIR_KIT_3"		"****"	"****"	0	"-"	4	"****"	"****"	"****"	0	3	"0x1408"	"T"	"****"	"bshs_repair3"	170	"hand"	"****"	"****"	"****"	"****"	"****"	"****"	"self"	1330	"****"	"****"	"****"	"gui_upgrade"	0	"****"	0	"****"	"****"	"****"	"****"	"****"	"****"	0	"****"	"****"	"****"	0	"0x01"	"0x0000"	"0x0000"	1	"****"	0	"0x00"
"REPAIR_KIT_4"		"****"	"****"	0	"-"	4	"****"	"****"	"****"	0	3	"0x1408"	"T"	"****"	"bshs_repair4"	170	"hand"	"****"	"****"	"****"	"****"	"****"	"****"	"self"	1330	"****"	"****"	"****"	"gui_upgrade"	0	"****"	0	"****"	"****"	"****"	"****"	"****"	"****"	0	"****"	"****"	"****"	0	"0x01"	"0x0000"	"0x0000"	1	"****"	0	"0x00"
"QUICK_FIX_KIT_1"		"****"	"****"	0	"-"	4	"****"	"****"	"****"	0	3	"0x1408"	"T"	"****"	"bshs_quick1"	170	"hand"	"****"	"****"	"****"	"****"	"****"	"****"	"self"	1330	"****"	"****"	"****"	"gui_upgrade"	0	"****"	0	"****"	"****"	"****"	"****"	"****"	"****"	0	"****"	"****"	"****"	0	"0x01"	"0x0000"	"0x0000"	1	"****"	0	"0x00"
"QUICK_FIX_KIT_2"		"****"	"****"	0	"-"	4	"****"	"****"	"****"	0	3	"0x1408"	"T"	"****"	"bshs_quick2"	170	"hand"	"****"	"****"	"****"	"****"	"****"	"****"	"self"	1330	"****"	"****"	"****"	"gui_upgrade"	0	"****"	0	"****"	"****"	"****"	"****"	"****"	"****"	0	"****"	"****"	"****"	0	"0x01"	"0x0000"	"0x0000"	1	"****"	0	"0x00"
"ION_STRIKER_1"		"****"	"****"	0	"-"	4	"****"	"****"	"****"	0	3	"0x8000"	"M"	"****"	"bxsp_ionstr1"	170	"hand"	"****"	"****"	"****"	"****"	"****"	"****"	"self"	1330	"****"	"****"	"****"	"****"	0	"****"	0	"****"	"****"	"****"	"****"	"****"	"****"	0	"****"	"****"	"****"	0	"0x01"	"0x0000"	"0x0000"	1	"****"	1	"0x00"
"STUN_RAY_1"		"****"	"****"	0	"-"	4	"****"	"****"	"****"	0	3	"0x8000"	"M"	"****"	"bxsp_stunray1"	170	"hand"	"****"	"****"	"****"	"****"	"****"	"****"	"self"	1330	"****"	"****"	"****"	"****"	0	"****"	0	"****"	"****"	"****"	"****"	"****"	"****"	0	"****"	"****"	"****"	0	"0x02"	"0x0000"	"0x0000"	1	"****"	1	"0x00"
"SHOCK_ARM_1"		"****"	"****"	0	"-"	4	"****"	"****"	"****"	0	3	"0x8000"	"M"	"****"	"bxsp_shock1"	170	"hand"	"****"	"****"	"****"	"****"	"****"	"****"	"self"	1330	"****"	"****"	"****"	"****"	0	"****"	0	"****"	"****"	"****"	"****"	"****"	"****"	0	"****"	"****"	"****"	0	"0x00"	"0x0000"	"0x0000"	1	"****"	1	"0x00"
"ION_STRIKER_2"		"****"	"****"	0	"-"	4	"****"	"****"	"****"	0	3	"0x8000"	"M"	"****"	"bxsp_ionstr2"	170	"hand"	"****"	"****"	"****"	"****"	"****"	"****"	"self"	1330	"****"	"****"	"****"	"****"	0	"****"	0	"****"	"****"	"****"	"****"	"****"	"****"	0	"****"	"****"	"****"	0	"0x01"	"0x0000"	"0x0000"	1	"****"	1	"0x00"
"STUN_RAY_2"		"****"	"****"	0	"-"	4	"****"	"****"	"****"	0	3	"0x8000"	"M"	"****"	"bxsp_stunray2"	170	"hand"	"****"	"****"	"****"	"****"	"****"	"****"	"self"	1330	"****"	"****"	"****"	"****"	0	"****"	0	"****"	"****"	"****"	"****"	"****"	"****"	0	"****"	"****"	"****"	0	"0x02"	"0x0000"	"0x0000"	1	"****"	1	"0x00"
"SHOCK_ARM_2"		"****"	"****"	0	"-"	4	"****"	"****"	"****"	0	3	"0x8000"	"M"	"****"	"bxsp_shock2"	170	"hand"	"****"	"****"	"****"	"****"	"****"	"****"	"self"	1330	"****"	"****"	"****"	"****"	0	"****"	0	"****"	"****"	"****"	"****"	"****"	"****"	0	"****"	"****"	"****"	0	"0x00"	"0x0000"	"0x0000"	1	"****"	1	"0x00"
"SONIC_REPULSOR_1"		"****"	"****"	0	"-"	4	"****"	"****"	"****"	0	3	"0x8000"	"M"	"****"	"bxsp_sonic1"	170	"hand"	"****"	"****"	"****"	"****"	"****"	"****"	"self"	1330	"****"	"****"	"****"	"****"	0	"****"	0	"****"	"****"	"****"	"****"	"****"	"****"	0	"****"	"****"	"****"	0	"0x00"	"0x0000"	"0x0000"	1	"****"	1	"0x00"
"ION_BLASTER_1"		"****"	"****"	0	"-"	4	"****"	"****"	"****"	0	3	"0x8000"	"L"	"****"	"bxsp_ionbl1"	170	"hand"	"****"	"****"	"****"	"****"	"****"	"****"	"self"	1330	"****"	"****"	"****"	"cb_sh_pwrblast1"	0	"****"	1	"w_lfire_pb_b1"	"homing"	"throw"	"****"	"target"	"****"	0	"****"	"****"	"****"	0	"0x00"	"0x0000"	"0x0000"	1	"****"	1	"0x00"
"SHOCK_ARM_3"		"****"	"****"	0	"-"	4	"****"	"****"	"****"	0	3	"0x8000"	"M"	"****"	"bxsp_shock3"	170	"hand"	"****"	"****"	"****"	"****"	"****"	"****"	"self"	1330	"****"	"****"	"****"	"****"	0	"****"	0	"****"	"****"	"****"	"****"	"****"	"****"	0	"****"	"****"	"****"	0	"0x00"	"0x0000"	"0x0000"	1	"****"	1	"0x00"
"ION_STRIKER_3"		"****"	"****"	0	"-"	4	"****"	"****"	"****"	0	3	"0x8000"	"M"	"****"	"bxsp_ionstr3"	170	"hand"	"****"	"****"	"****"	"****"	"****"	"****"	"self"	1330	"****"	"****"	"****"	"****"	0	"****"	0	"****"	"****"	"****"	"****"	"****"	"****"	0	"****"	"****"	"****"	0	"0x01"	"0x0000"	"0x0000"	1	"****"	1	"0x00"
"PLASMA_BLASTER_1"		"****"	"****"	0	"-"	4	"****"	"****"	"****"	0	3	"0x8000"	"L"	"****"	"bxsp_plasbl1"	170	"hand"	"****"	"****"	"****"	"****"	"****"	"****"	"self"	1330	"****"	"****"	"****"	"cb_sh_pwrblast1"	0	"****"	1	"w_lfire_pb_r1"	"homing"	"throw"	"****"	"target"	"****"	0	"****"	"****"	"****"	0	"0x00"	"0x0000"	"0x0000"	1	"****"	1	"0x00"
"SONIC_REPULSOR_2"		"****"	"****"	0	"-"	4	"****"	"****"	"****"	0	3	"0x8000"	"M"	"****"	"bxsp_sonic2"	170	"hand"	"****"	"****"	"****"	"****"	"****"	"****"	"self"	1330	"****"	"****"	"****"	"****"	0	"****"	0	"****"	"****"	"****"	"****"	"****"	"****"	0	"****"	"****"	"****"	0	"0x00"	"0x0000"	"0x0000"	1	"****"	1	"0x00"
"PLASMA_BLASTER_2"		"****"	"****"	0	"-"	4	"****"	"****"	"****"	0	3	"0x8000"	"L"	"****"	"bxsp_plasbl2"	170	"hand"	"****"	"****"	"****"	"****"	"****"	"****"	"self"	1330	"****"	"****"	"****"	"cb_sh_pwrblast1"	0	"****"	1	"w_lfire_pb_r1"	"homing"	"throw"	"****"	"target"	"****"	0	"****"	"****"	"****"	0	"0x00"	"0x0000"	"0x0000"	1	"****"	1	"0x00"
"ION_BLASTER_2"		"****"	"****"	0	"-"	4	"****"	"****"	"****"	0	3	"0x8000"	"L"	"****"	"bxsp_ionbl2"	170	"hand"	"****"	"****"	"****"	"****"	"****"	"****"	"self"	1330	"****"	"****"	"****"	"cb_sh_pwrblast1"	0	"****"	1	"w_lfire_pb_b1"	"homing"	"throw"	"****"	"target"	"****"	0	"****"	"****"	"****"	0	"0x00"	"0x0000"	"0x0000"	1	"****"	1	"0x00"
"SHIELD_DISRUPTOR"		"****"	"****"	0	"-"	4	"****"	"****"	"****"	0	3	"0x8000"	"L"	"****"	"bxsp_shlddp"	170	"hand"	"****"	"****"	"****"	"****"	"****"	"****"	"self"	1330	"****"	"****"	"****"	"cb_sh_pwrblast1"	0	"****"	1	"w_lfire_pb_s1"	"homing"	"throw"	"****"	"target"	"****"	0	"****"	"****"	"****"	0	"0x00"	"0x0000"	"0x0000"	1	"****"	1	"0x00"
"LIGHTNING_ARM"		"****"	"****"	0	"-"	4	"****"	"****"	"****"	0	3	"0x8000"	"M"	"****"	"bxsp_storm1"	170	"hand"	"****"	"****"	"****"	"****"	"****"	"****"	"self"	1330	"****"	"****"	"****"	"****"	0	"****"	0	"****"	"****"	"****"	"****"	"****"	"****"	0	"****"	"****"	"****"	0	"0x00"	"0x0000"	"0x0000"	1	"****"	1	"0x00"
"SONIC_WAVE_EMITTER"		"****"	"****"	0	"-"	4	"****"	"****"	"****"	0	3	"0x8000"	"S"	"****"	"bxsp_sonwav"	170	"hand"	"****"	"****"	"****"	"****"	"****"	"****"	"self"	1330	"****"	"****"	"****"	"****"	0	"****"	0	"****"	"****"	"****"	"****"	"****"	"****"	0	"****"	"****"	"****"	0	"0x00"	"0x0000"	"0x0000"	1	"****"	1	"0x00"
"DROID_HACKER"		"****"	"****"	0	"-"	4	"****"	"****"	"****"	0	3	"0x8000"	"M"	"****"	"bxsp_hack1"	170	"hand"	"****"	"****"	"****"	"****"	"****"	"****"	"self"	1330	"****"	"****"	"****"	"****"	0	"****"	0	"****"	"****"	"****"	"****"	"****"	"****"	0	"****"	"****"	"****"	0	"0x01"	"0x0000"	"0x0000"	1	"****"	1	"0x00"
"SEISMIC_DISRUPTOR"		"****"	"****"	0	"-"	4	"****"	"****"	"****"	0	3	"0x8000"	"S"	"****"	"bxsp_seismic"	170	"hand"	"****"	"****"	"****"	"****"	"****"	"****"	"self"	1330	"****"	"****"	"****"	"****"	0	"****"	0	"****"	"****"	"****"	"****"	"****"	"****"	0	"****"	"****"	"****"	0	"0x00"	"0x0000"	"0x0000"	1	"****"	1	"0x00"
"PARALYSIS_RAY"		"****"	"****"	0	"-"	4	"****"	"****"	"****"	0	3	"0x8000"	"M"	"****"	"bxsp_pararay"	170	"hand"	"****"	"****"	"****"	"****"	"****"	"****"	"self"	1330	"****"	"****"	"****"	"****"	0	"****"	0	"****"	"****"	"****"	"****"	"****"	"****"	0	"****"	"****"	"****"	0	"0x02"	"0x0000"	"0x0000"	1	"****"	1	"0x00"
"STORM_ARM"		"****"	"****"	0	"-"	4	"****"	"****"	"****"	0	3	"0x8000"	"S"	"****"	"bxsp_storm2"	170	"hand"	"****"	"****"	"****"	"****"	"****"	"****"	"self"	1330	"****"	"****"	"****"	"****"	0	"****"	0	"****"	"****"	"****"	"****"	"****"	"****"	0	"****"	"****"	"****"	0	"0x00"	"0x0000"	"0x0000"	1	"****"	1	"0x00"
"PLASMA_BOMBER"		"****"	"****"	0	"-"	4	"****"	"****"	"****"	0	3	"0x8000"	"L"	"****"	"bxsp_plasbmb"	170	"hand"	"****"	"****"	"****"	"****"	"****"	"****"	"self"	1330	"****"	"****"	"****"	"cb_sh_pwrblast1"	0	"****"	1	"w_lfire_pb_r1"	"homing"	"throw"	"****"	"****"	"****"	0	"****"	"****"	"****"	0	"0x00"	"0x0000"	"0x0000"	1	"****"	1	"0x00"
"GRAVITY_PROJECTOR"		"****"	"****"	0	"-"	4	"****"	"****"	"****"	0	3	"0x8000"	"M"	"****"	"bxsp_gravit1"	170	"hand"	"****"	"****"	"****"	"****"	"****"	"****"	"self"	1330	"****"	"****"	"****"	"****"	0	"****"	0	"****"	"****"	"****"	"****"	"****"	"****"	0	"****"	"****"	"****"	0	"0x00"	"0x0000"	"0x0000"	1	"****"	1	"0x00"
"DEATH_RAY"		"****"	"****"	0	"-"	4	"****"	"****"	"****"	0	3	"0x8000"	"M"	"****"	"bxsp_death"	170	"hand"	"****"	"****"	"****"	"****"	"****"	"****"	"self"	1330	"****"	"****"	"****"	"****"	0	"****"	0	"****"	"****"	"****"	"****"	"****"	"****"	0	"****"	"****"	"****"	0	"0x02"	"0x0000"	"0x0000"	1	"****"	1	"0x00"
"DROID_DOMINATOR"		"****"	"****"	0	"-"	4	"****"	"****"	"****"	0	3	"0x8000"	"M"	"****"	"bxsp_hack2"	170	"hand"	"****"	"****"	"****"	"****"	"****"	"****"	"self"	1330	"****"	"****"	"****"	"****"	0	"****"	0	"****"	"****"	"****"	"****"	"****"	"****"	0	"****"	"****"	"****"	0	"0x01"	"0x0000"	"0x0000"	1	"****"	1	"0x00"
"GRAVITY_GENERATOR"		"****"	"****"	0	"-"	4	"****"	"****"	"****"	0	3	"0x8000"	"M"	"****"	"bxsp_gravit2"	170	"hand"	"****"	"****"	"****"	"****"	"****"	"****"	"self"	1330	"****"	"****"	"****"	"****"	0	"****"	0	"****"	"****"	"****"	"****"	"****"	"****"	0	"****"	"****"	"****"	0	"0x00"	"0x0000"	"0x0000"	1	"****"	1	"0x00"
"DROID_SELF_DESTRUCT"		"****"	"****"	0	"-"	4	"****"	"****"	"****"	0	3	"0x8000"	"S"	"****"	"bxsp_selfdes"	170	"hand"	"****"	"****"	"****"	"****"	"****"	"****"	"self"	1330	"****"	"****"	"****"	"****"	0	"****"	0	"****"	"****"	"****"	"****"	"****"	"****"	0	"****"	"****"	"****"	0	"0x00"	"0x0000"	"0x0000"	1	"****"	1	"0x00"
